names,openprice,high_low,close,prevclosedate,marketcap,sharesoutstanding,p_float,avgvolume,normalizedeps,mthvwap,unadjvwap,adjvwap,peratio,price_sales,price_cf,pricebookvalue,dividend,divident_5_yr_avg,debt,long_term_debt_equity,enterprisevalue,assets,cash,roe,roa,capex,ebit,revenue,operating_income,operating_margin,netincome,net_profit_margin,revenue_per_share_5_yr_growth,eps_per_share_5_yr_growth,ebita,industry
DBS,25.880,25.660,-,jan_01_2020,"65,790.61M",2.55B,99.45%,79.49M,2.11,-,SGD 25.40578,SGD 25.42711,-,-,-,-,-,-,-,35.561,"92,916.61M","550,751.00M",-,-,-,-,-,-,-,-,"6,116.00M",-,-,-,-,Banking & Investment Services / Banks / 
UOB,26.410,26.240,-,jan_01_2020,"44,097.41M",1.67B,73.50%,46.69M,2.33,-,SGD 25.94465,SGD 25.95218,-,-,-,-,-,-,-,81.348,-711.31M,"388,092.36M",-,-,-,-,-,-,-,-,"4,142.94M",-,-,-,-,Banking & Investment Services / Banks / 
SingTel,3.370,3.380,-,jan_01_2020,"55,192.36M",16.32B,94.87%,486.11M,0.19,-,SGD 3.28951,SGD 3.28787,-,-,-,-,-,-,-,29.439,"65,343.76M","48,914.80M",512.70M,-,-,-,-,"16,961.20","2,537.90M",-,"1,468.80M",-,-,-,-,Telecommunications Services / Integrated Telecommunications Services / 
YZJ Shipbldg SGD,1.120,1.070,-,jan_01_2020,"4,252.26M",3.92B,62.88%,729.43M,0.2,-,SGD 1.05684,SGD 1.0568,-,-,-,-,-,-,-,10.024,"1,435.15M","44,911.48M","18,615.42M",-,-,-,-,"16,014.35","4,565.00M",-,718.28M,-,-,-,-,Industrial Goods / Shipbuilding / 
HongkongLand USD,5.750,USD 5.520,-,jan_01_2020,"12,883.28M",2.33B,49.43%,60.64M,1.05,-,USD 5.68457,USD 5.67156,-,-,-,-,-,-,-,10.811,"16,535.48M","44,963.00M","1,286.80M",-,-,-,-,"1,932.10","2,331.80M",-,"1,743.60M",-,-,-,-,Real Estate / Real Estate Development & Operations / 
ThaiBev,0.890,0.895,-,jan_01_2020,"22,476.61M",25.11B,28.48%,251.19M,0.04,-,SGD 0.88579,SGD 0.8849,-,-,-,-,-,-,-,170.878,"31,247.52M","407,240.47M","24,362.48M",-,-,-,-,"139,152.66","31,708.20M",-,"1,043.71M",-,-,-,-,Food & Beverages / Distillers & Wineries / 
SPH,2.180,2.120,-,jan_01_2020,"3,393.38M",1.62B,94.06%,118.78M,0.14,-,SGD 2.15674,SGD 2.15701,-,-,-,-,-,-,-,45.233,"4,852.22M","7,107.39M",598.17M,-,-,-,-,"1,124.35",186.92M,-,213.21M,-,-,-,-,Cyclical Consumer Services / Consumer Publishing / 
OCBC Bank,10.980,10.890,-,jan_01_2020,"48,009.59M",4.40B,73.12%,95.77M,1.05,-,SGD 10.96292,SGD 10.9682,-,-,-,-,-,-,-,71.842,"38,232.05M","467,542.99M",-,-,-,-,-,-,-,-,"4,532.99M",-,-,-,-,Banking & Investment Services / Banks / 
Keppel Corp,6.770,6.720,-,jan_01_2020,"12,219.61M",1.82B,99.29%,82.30M,0.31,-,SGD 6.38854,SGD 6.3903,-,-,-,-,-,-,-,53.997,"17,650.13M","26,556.97M","2,117.99M",-,-,-,-,"10,296.47","1,042.57M",-,650.10M,-,-,-,-,Industrial Conglomerates / Industrial Conglomerates / 
ComfortDelGro,2.380,2.400,-,jan_01_2020,"5,198.78M",2.17B,98.50%,144.04M,0.13,-,SGD 2.47937,SGD 2.48076,-,-,-,-,-,-,-,18.346,"5,182.58M","5,136.70M",586.10M,-,-,-,-,"4,111.50",438.80M,-,299.80M,-,-,-,-,"Transportation / Passenger Transportation, Ground & Sea / "
Wilmar Intl,4.120,4.080,-,jan_01_2020,"26,125.88M",6.34B,28.21%,114.06M,0.27,-,SGD 3.86515,SGD 3.86658,-,-,-,-,-,-,-,34.423,"52,738.33M","45,712.93M","3,695.72M",-,-,-,-,"38,776.64","1,335.15M",-,"1,392.75M",-,-,-,-,Food & Beverages / Food Processing / 
CapitaLand,3.750,3.670,-,jan_01_2020,"18,851.50M",5.04B,99.60%,127.39M,0.39,-,SGD 3.57093,SGD 3.56987,-,-,-,-,-,-,-,107.850,"37,425.61M","64,647.56M","5,059.84M",-,-,-,-,"4,761.85","3,185.59M",-,"1,684.95M",-,-,-,-,Real Estate / Real Estate Development & Operations / 
ST Engineering,3.940,3.940,-,jan_01_2020,"12,302.63M",3.12B,98.75%,96.35M,0.16,-,SGD 4.05178,SGD 4.05166,-,-,-,-,-,-,-,12.036,"12,383.59M","7,573.02M",414.82M,-,-,-,-,"6,335.02",562.60M,-,532.88M,-,-,-,-,Industrial Goods / Aerospace & Defense / 
Venture,16.200,16.260,-,jan_01_2020,"4,710.68M",288.44M,91.38%,25.13M,1.27,-,SGD 15.60652,SGD 15.61046,-,-,-,-,-,-,-,-,"3,999.65M","3,204.60M",712.83M,-,-,-,-,"2,656.50",432.97M,-,374.57M,-,-,-,-,Technology Equipment / Electronic Equipment & Parts / 
SGX,8.860,8.980,-,jan_01_2020,"9,623.35M",1.07B,76.42%,62.21M,0.36,-,SGD 8.46533,SGD 8.47128,-,-,-,-,-,-,-,-,"9,153.06M","2,132.29M",470.29M,-,-,-,-,818.11,461.02M,-,414.24M,-,-,-,-,Banking & Investment Services / Financial & Commodity Market Operators / 
JMH USD,55.600,USD 54.890,-,jan_01_2020,"40,545.11M",379.98M,64.02%,6.33M,4.53,-,USD 56.41332,USD 56.41389,-,-,-,-,-,-,-,41.391,"54,312.11M","90,308.00M","5,038.00M",-,-,-,-,"37,007.00","4,491.00M",-,"1,559.00M",-,-,-,-,Industrial Conglomerates / Industrial Conglomerates / 
HPL,3.850,3.720,-,jan_01_2020,"1,938.64M",521.14M,10.26%,5.01M,0.22,-,SGD 3.51815,SGD 3.57611,-,-,-,-,-,-,-,28.684,"2,508.65M","3,154.93M",142.39M,-,-,-,-,579.54,85.26M,-,24.61M,-,-,-,-,"Cyclical Consumer Services / Hotels, Motels & Cruise Lines / "
Sembcorp Ind,2.290,2.240,-,jan_01_2020,"4,004.11M",1.79B,99.46%,77.58M,0.18,-,SGD 2.23973,SGD 2.23842,-,-,-,-,-,-,-,130.672,"12,812.11M","23,321.00M","1,924.00M",-,-,-,-,"9,544.62",415.00M,-,368.10M,-,-,-,-,Utilities / Multiline Utilities / 
Genting Sing,0.920,0.935,-,jan_01_2020,"11,307.92M",12.06B,47.06%,377.72M,0.06,-,SGD 0.91181,SGD 0.91179,-,-,-,-,-,-,-,10.695,"8,132.25M","9,767.14M","4,214.24M",-,-,-,-,"2,400.90",975.19M,-,682.93M,-,-,-,-,Cyclical Consumer Services / Casinos & Gaming / 
SIA,9.040,9.120,-,jan_01_2020,"10,942.64M",1.19B,99.64%,22.31M,0.62,-,SGD 9.16758,SGD 9.16863,-,-,-,-,-,-,-,48.343,"14,536.24M","30,505.20M","3,060.80M",-,-,-,-,"15,238.70",997.60M,-,692.30M,-,-,-,-,Transportation / Airlines / 
Jardine C&C,30.100,30.830,-,jan_01_2020,"12,185.13M",395.24M,23.99%,6.27M,1.58,-,SGD 31.74647,SGD 31.77407,-,-,-,-,-,-,-,46.777,"19,671.58M","27,319.90M","1,949.30M",-,-,-,-,"15,718.30","1,719.90M",-,"1,047.76M",-,-,-,-,Automobiles & Auto Parts / Auto & Truck Manufacturers / 
CityDev,10.950,10.750,-,jan_01_2020,"9,774.99M",906.90M,42.19%,31.34M,0.62,-,SGD 9.95509,SGD 9.98525,-,-,-,-,-,-,-,50.483,"14,711.91M","20,885.69M","1,953.60M",-,-,-,-,"3,905.45",904.58M,-,568.29M,-,-,-,-,Real Estate / Real Estate Development & Operations / 
Rex Intl,0.205,0.184,-,jan_01_2020,241.76M,1.31B,47.62%,"1,567.32M",-0.02,-,SGD 0.12924,SGD 0.12924,-,-,-,-,-,-,-,-,231.31M,208.90M,34.12M,-,-,-,-,0.35,14.04M,-,41.67M,-,-,-,-,Energy - Fossil Fuels / Oil & Gas Exploration and Productio / 
SATS,5.060,5.140,-,jan_01_2020,"5,777.65M",1.12B,99.03%,35.46M,0.23,-,SGD 4.95262,SGD 4.95238,-,-,-,-,-,-,-,5.796,"5,523.52M","2,408.43M",349.86M,-,-,-,-,"1,698.15",235.43M,-,234.21M,-,-,-,-,Transportation / Airport Services / 
Sembcorp Marine,1.320,1.280,-,jan_01_2020,"2,676.36M",2.09B,99.07%,91.53M,-0.04,-,SGD 1.32388,SGD 1.32385,-,-,-,-,-,-,-,137.279,"6,068.06M","8,577.26M",837.72M,-,-,-,-,"4,968.13",-52.32M,-,-53.52M,-,-,-,-,Industrial Goods / Shipbuilding / 
JSH USD,30.650,USD 30.920,-,jan_01_2020,"34,263.51M",1.11B,15.75%,7.15M,3.18,-,USD 32.35491,USD 32.23383,-,-,-,-,-,-,-,32.685,"47,499.51M","88,533.00M","4,640.00M",-,-,-,-,"29,391.00","4,210.00M",-,"2,522.00M",-,-,-,-,Industrial Conglomerates / Industrial Conglomerates / 
Raffles Medical,1.000,0.980,-,jan_01_2020,"1,791.69M",1.83B,45.64%,24.09M,0.04,-,SGD 1.00409,SGD 1.00402,-,-,-,-,-,-,-,12.141,"1,802.21M","1,116.29M",105.98M,-,-,-,-,410.54,84.24M,-,63.47M,-,-,-,-,Healthcare Services / Healthcare Facilities & Services / 
AEM,2.020,1.900,-,jan_01_2020,519.28M,269.71M,79.10%,160.18M,0.12,-,SGD 1.34674,SGD 1.34649,-,-,-,-,-,-,-,0.055,460.65M,136.43M,58.89M,-,-,-,-,46.80,39.75M,-,40.41M,-,-,-,-,Technology Equipment / Semiconductors / 
Golden Agri-Res,0.235,0.220,-,jan_01_2020,"2,824.26M",12.73B,49.62%,"1,268.99M",0.0,-,SGD 0.23258,SGD 0.23245,-,-,-,-,-,-,-,36.203,"6,652.22M","8,545.58M",510.60M,-,-,-,-,"6,510.05",121.09M,-,45.68M,-,-,-,-,Food & Beverages / Food Processing / 
BreadTalk,0.645,0.620,-,jan_01_2020,349.55M,563.27M,31.89%,35.86M,0.03,-,SGD 0.61885,SGD 0.62975,-,-,-,-,-,-,-,96.035,385.71M,608.86M,189.77M,-,-,-,-,624.15,32.94M,-,11.73M,-,-,-,-,Cyclical Consumer Services / Restaurants & Bars / 
UOL,8.320,8.030,-,jan_01_2020,"6,771.78M",843.31M,54.41%,21.44M,0.55,-,SGD 7.55762,SGD 7.55791,-,-,-,-,-,-,-,29.796,"10,804.43M","20,620.36M",677.17M,-,-,-,-,"1,278.75",710.09M,-,482.22M,-,-,-,-,Real Estate / Real Estate Development & Operations / 
Yoma Strategic,0.350,0.345,-,jan_01_2020,769.77M,2.23B,55.28%,81.03M,0.02,-,SGD 0.35155,SGD 0.35302,-,-,-,-,-,-,-,46.709,"1,168.55M","1,201.88M",80.73M,-,-,-,-,82.22,56.34M,-,-41.40M,-,-,-,-,Real Estate / Real Estate Development & Operations / 
SIA Engineering,2.820,2.830,-,jan_01_2020,"3,181.25M",1.12B,99.39%,10.28M,0.14,-,SGD 2.67937,SGD 2.67973,-,-,-,-,-,-,-,0.822,"2,678.96M","1,845.28M",521.58M,-,-,-,-,"1,112.67",56.97M,-,169.97M,-,-,-,-,Transportation / Airport Services / 
Yanlord Land,1.210,1.160,-,jan_01_2020,"2,260.53M",1.93B,27.40%,32.31M,0.36,-,SGD 1.19234,SGD 1.19276,-,-,-,-,-,-,-,133.593,"8,345.63M","106,680.78M","10,317.37M",-,-,-,-,"16,581.36","10,541.66M",-,291.35M,-,-,-,-,Real Estate / Real Estate Development & Operations / 
Chip Eng Seng,0.620,0.610,-,jan_01_2020,502.65M,782.52M,63.03%,11.95M,0.11,-,SGD 0.64036,SGD 0.64037,-,-,-,-,-,-,-,205.709,"2,106.45M","3,086.54M",207.33M,-,-,-,-,676.45,98.04M,-,51.61M,-,-,-,-,Real Estate / Real Estate Development & Operations / 
SingPost,0.935,0.930,-,jan_01_2020,"2,115.83M",2.25B,83.56%,67.06M,0.02,-,SGD 0.94934,SGD 0.94938,-,-,-,-,-,-,-,0.560,"2,007.26M","2,619.24M",399.45M,-,-,-,-,"1,151.54",70.96M,-,11.05M,-,-,-,-,Transportation / Air Freight & Logistics / 
Hi-P,1.530,1.520,-,jan_01_2020,"1,348.51M",804.20M,14.67%,80.69M,0.12,-,SGD 1.35901,SGD 1.35901,-,-,-,-,-,-,-,-,"1,230.98M","1,224.68M",286.65M,-,-,-,-,"1,362.58",124.49M,-,102.68M,-,-,-,-,Industrial Goods / Industrial Machinery & Equipment / 
StarHub,1.420,1.410,-,jan_01_2020,"2,441.63M",1.73B,88.80%,45.43M,0.11,-,SGD 1.39973,SGD 1.40118,-,-,-,-,-,-,-,192.561,"3,304.13M","2,653.50M",166.00M,-,-,-,-,"2,444.30",273.50M,-,171.50M,-,-,-,-,Telecommunications Services / Wireless Telecommunications Services / 
Sheng Siong,1.240,1.230,-,jan_01_2020,"1,849.35M",1.50B,41.31%,24.89M,0.05,-,SGD 1.16089,SGD 1.16038,-,-,-,-,-,-,-,-,"1,762.12M",436.34M,87.23M,-,-,-,-,764.43,83.79M,-,75.87M,-,-,-,-,Food & Drug Retailing / Food Retail & Distribution / 
DairyFarm USD,5.710,USD 5.870,-,jan_01_2020,"7,940.37M",1.35B,22.21%,28.14M,0.05,-,USD 6.08283,USD 6.33063,-,-,-,-,-,-,-,278.607,"12,406.37M","8,664.10M",296.20M,-,-,-,-,"11,137.30",201.30M,-,65.00M,-,-,-,-,Food & Drug Retailing / Food Retail & Distribution / 
MM2 Asia,0.305,0.280,-,jan_01_2020,325.59M,1.16B,48.90%,25.64M,0.02,-,SGD 0.23008,SGD 0.23008,-,-,-,-,-,-,-,86.930,530.01M,665.72M,18.57M,-,-,-,-,95.72,57.68M,-,19.14M,-,-,-,-,Cyclical Consumer Services / Entertainment Production / 
Synagie,0.129,0.108,-,jan_01_2020,32.88M,304.48M,17.94%,139.05M,-0.04,-,SGD 0.14597,SGD 0.14597,-,-,-,-,-,-,-,-,25.35M,22.76M,7.53M,-,-,-,-,0.19,-6.83M,-,-7.70M,-,-,-,-,Telecommunications Services / Integrated Telecommunications Services / 
Frencken,0.925,0.910,-,jan_01_2020,386.09M,424.27M,62.59%,56.61M,0.08,-,SGD 0.75379,SGD 0.75379,-,-,-,-,-,-,-,0.457,387.71M,463.74M,67.08M,-,-,-,-,439.38,40.16M,-,42.15M,-,-,-,-,Industrial Goods / Industrial Machinery & Equipment / 
TEE Intl,0.056,0.058,-,jan_01_2020,37.59M,725.60M,23.90%,389.85M,-0.03,-,SGD 0.05652,SGD 0.05652,-,-,-,-,-,-,-,205.474,285.27M,653.19M,61.04M,-,-,-,-,261.71,-13.86M,-,-18.17M,-,-,-,-,Industrial & Commercial Services / Construction & Engineering / 
Oxley,0.355,0.350,-,jan_01_2020,"1,457.77M",4.16B,16.94%,51.51M,0.03,-,SGD 0.33188,SGD 0.33188,-,-,-,-,-,-,-,149.157,"4,563.59M","6,193.92M",474.41M,-,-,-,-,981.36,274.41M,-,143.89M,-,-,-,-,Real Estate / Real Estate Development & Operations / 
Wing Tai,2.020,1.990,-,jan_01_2020,"1,579.92M",768.50M,56.62%,8.48M,0.05,-,SGD 2.03519,SGD 2.03552,-,-,-,-,-,-,-,17.870,"1,989.71M","4,359.64M",217.33M,-,-,-,-,544.53,24.63M,-,51.46M,-,-,-,-,Real Estate / Real Estate Development & Operations / 
GSS Energy,0.104,0.084,-,jan_01_2020,41.68M,496.16M,64.80%,185.47M,0.01,-,SGD 0.08393,SGD 0.08393,-,-,-,-,-,-,-,-,37.78M,76.93M,8.93M,-,-,-,-,93.81,2.81M,-,2.36M,-,-,-,-,Industrial Goods / Industrial Machinery & Equipment / 
Y Ventures,0.124,0.110,-,jan_01_2020,25.26M,229.66M,32.08%,214.83M,-0.03,-,SGD 0.11421,SGD 0.11421,-,-,-,-,-,-,-,27.353,27.61M,13.31M,1.13M,-,-,-,-,12.11,-3.90M,-,-5.91M,-,-,-,-,Software & IT Services / Internet Services / 
Creative,3.170,2.950,-,jan_01_2020,221.25M,70.40M,60.15%,1.45M,-0.27,-,SGD 3.25038,SGD 3.25038,-,-,-,-,-,-,-,-,75.29M,137.70M,107.77M,-,-,-,-,84.57,-6.48M,-,-4.59M,-,-,-,-,Technology Equipment / Computer Hardware / 
China Aviation,1.270,1.250,-,jan_01_2020,"1,082.73M",860.18M,27.48%,10.37M,0.15,-,SGD 1.24209,SGD 1.2421,-,-,-,-,-,-,-,-,598.27M,"1,653.57M",357.69M,-,-,-,-,"8,987.49",33.06M,-,131.87M,-,-,-,-,Energy - Fossil Fuels / Oil & Gas Refining and Marketin / 
SingMedical,0.300,0.295,-,jan_01_2020,142.49M,483.02M,40.65%,2.97M,0.03,-,SGD 0.34774,SGD 0.34774,-,-,-,-,-,-,-,8.950,140.40M,181.84M,20.01M,-,-,-,-,30.97,15.15M,-,12.94M,-,-,-,-,Healthcare Services / Healthcare Facilities & Services / 
HRnetGroup,0.625,0.620,-,jan_01_2020,627.07M,1.01B,22.01%,7.10M,0.05,-,SGD 0.60599,SGD 0.60682,-,-,-,-,-,-,-,-,327.58M,415.31M,299.50M,-,-,-,-,356.01,65.17M,-,49.09M,-,-,-,-,Industrial & Commercial Services / Employment Services / 
G Invacom,0.165,0.148,-,jan_01_2020,41.80M,271.66M,63.94%,199.39M,0.01,-,SGD 0.13494,SGD 0.13494,-,-,-,-,-,-,-,-,46.66M,94.09M,8.38M,-,-,-,-,129.11,2.08M,-,3.67M,-,-,-,-,Technology Equipment / Communications & Networking / 
United Engineers,2.690,2.700,-,jan_01_2020,"1,721.31M",637.52M,46.16%,48.10M,0.09,-,SGD 2.67988,SGD 2.67715,-,-,-,-,-,-,-,37.799,"2,559.64M","3,621.67M",251.25M,-,-,-,-,851.19,55.00M,-,128.90M,-,-,-,-,Real Estate / Real Estate Development & Operations / 
Hong Leong Fin,2.670,2.640,-,jan_01_2020,"1,182.83M",448.04M,39.29%,1.66M,0.26,-,SGD 2.67531,SGD 2.67531,-,-,-,-,-,-,-,-,-259.50M,"13,381.26M",-,-,-,-,-,-,-,-,115.45M,-,-,-,-,Banking & Investment Services / Corporate Financial Services / 
Boustead,0.755,0.780,-,jan_01_2020,390.05M,498.07M,53.06%,5.50M,0.06,-,SGD 0.74853,SGD 0.75663,-,-,-,-,-,-,-,23.727,274.98M,884.33M,262.67M,-,-,-,-,486.65,66.14M,-,26.99M,-,-,-,-,Industrial & Commercial Services / Construction & Engineering / 
CNMC Goldmine,0.270,0.245,-,jan_01_2020,99.88M,407.69M,45.15%,15.74M,0.01,-,SGD 0.28365,SGD 0.28365,-,-,-,-,-,-,-,1.737,76.69M,59.84M,17.91M,-,-,-,-,36.47,4.13M,-,7.38M,-,-,-,-,Mineral Resources / Gold / 
COSCO SHP SG,0.330,0.320,-,jan_01_2020,716.56M,2.24B,45.34%,60.65M,0.0,-,SGD 0.30281,SGD 0.30281,-,-,-,-,-,-,-,28.817,822.08M,822.81M,72.81M,-,-,-,-,"3,519.77",24.03M,-,11.29M,-,-,-,-,Transportation / Marine Freight & Logistics / 
PropNex,0.515,0.515,-,jan_01_2020,190.55M,370.00M,21.97%,4.71M,0.06,-,SGD 0.50894,SGD 0.50898,-,-,-,-,-,-,-,-,114.88M,142.11M,75.67M,-,-,-,-,204.77,25.65M,-,14.74M,-,-,-,-,Real Estate / Real Estate Services / 
EnGro,0.965,0.975,-,jan_01_2020,115.73M,118.64M,33.89%,0.16M,0.05,-,SGD 0.95716,SGD 0.95716,-,-,-,-,-,-,-,0.781,76.74M,257.23M,43.72M,-,-,-,-,180.77,-2.21M,-,9.32M,-,-,-,-,Mineral Resources / Construction Materials / 
Frasers Property,1.690,1.690,-,jan_01_2020,"4,933.94M",2.92B,12.49%,4.81M,0.19,-,SGD 1.76355,SGD 1.76368,-,-,-,-,-,-,-,147.252,"18,749.86M","37,632.93M","3,579.98M",-,-,-,-,"3,439.59",890.04M,-,465.09M,-,-,-,-,Real Estate / Real Estate Development & Operations / 
Koufu,0.770,0.785,-,jan_01_2020,435.53M,554.81M,18.61%,15.43M,0.05,-,SGD 0.74078,SGD 0.74078,-,-,-,-,-,-,-,4.774,344.32M,159.70M,95.98M,-,-,-,-,97.29,29.05M,-,28.70M,-,-,-,-,Cyclical Consumer Services / Restaurants & Bars / 
China Everbright,0.320,0.320,-,jan_01_2020,"1,825.51M",2.86B,97.10%,30.67M,0.04,-,SGD 0.32857,SGD 0.3284,-,-,-,-,-,-,-,68.148,"2,754.91M","19,584.39M","2,253.92M",-,-,-,-,"1,815.15","1,324.80M",-,132.90M,-,-,-,-,Utilities / Water Utilities / 
Citic Envirotech,0.545,0.545,-,jan_01_2020,"1,325.64M",2.43B,15.75%,60.91M,0.04,-,SGD 0.4303,SGD 0.42993,-,-,-,-,-,-,-,85.042,"2,332.83M","3,786.76M",376.52M,-,-,-,-,348.98,198.15M,-,-1.92M,-,-,-,-,Industrial & Commercial Services / Environmental Services & Equipment / 
Bumitama Agri,0.800,0.745,-,jan_01_2020,"1,309.36M",1.74B,47.81%,17.28M,0.06,-,SGD 0.63638,SGD 0.63421,-,-,-,-,-,-,-,12.030,"1,785.81M","16,538,804.00M","299,053.00M",-,-,-,-,"5,542,123.00","1,811,910.00M",-,61.16M,-,-,-,-,Food & Beverages / Food Processing / 
Man Oriental USD,1.820,USD 1.770,-,jan_01_2020,"2,235.84M",1.26B,20.12%,8.43M,0.05,-,USD 1.54994,USD 1.54897,-,-,-,-,-,-,-,13.583,"2,687.54M","2,179.00M",246.80M,-,-,-,-,607.30,69.60M,-,9.20M,-,-,-,-,"Cyclical Consumer Services / Hotels, Motels & Cruise Lines / "
Stamford Land,0.500,0.500,-,jan_01_2020,432.04M,820.74M,43.56%,3.66M,0.05,-,SGD 0.48656,SGD 0.48656,-,-,-,-,-,-,-,-,369.53M,667.40M,168.23M,-,-,-,-,226.49,62.73M,-,33.67M,-,-,-,-,"Cyclical Consumer Services / Hotels, Motels & Cruise Lines / "
Bukit Sembawang,4.680,4.740,-,jan_01_2020,"1,227.24M",258.91M,54.35%,4.19M,0.39,-,SGD 5.08998,SGD 5.05794,-,-,-,-,-,-,-,28.151,"1,441.98M","1,781.55M",167.90M,-,-,-,-,282.00,132.87M,-,99.72M,-,-,-,-,Real Estate / Real Estate Development & Operations / 
Valuetronics,0.820,0.825,-,jan_01_2020,359.40M,435.00M,64.27%,74.48M,0.08,-,SGD 0.72432,SGD 0.72425,-,-,-,-,-,-,-,-,197.66M,"2,013.37M",930.45M,-,-,-,-,"1,952.90",224.65M,-,36.43M,-,-,-,-,Technology Equipment / Electronic Equipment & Parts / 
Haw Par,12.790,12.830,-,jan_01_2020,"2,836.36M",221.07M,63.93%,1.49M,0.81,-,SGD 13.41946,SGD 13.47117,-,-,-,-,-,-,-,-,"2,340.18M","3,030.45M",519.43M,-,-,-,-,178.83,190.99M,-,189.78M,-,-,-,-,Pharmaceuticals / 
Q&M Dental,0.480,0.480,-,jan_01_2020,386.35M,785.62M,20.75%,4.34M,0.02,-,SGD 0.49922,SGD 0.49922,-,-,-,-,-,-,-,77.889,448.05M,214.15M,24.92M,-,-,-,-,154.94,12.87M,-,13.31M,-,-,-,-,Healthcare Services / Healthcare Facilities & Services / 
First Resources,1.900,1.880,-,jan_01_2020,"2,978.06M",1.58B,29.24%,28.65M,0.1,-,SGD 1.63244,SGD 1.64389,-,-,-,-,-,-,-,37.642,"3,419.11M","1,571.04M",55.36M,-,-,-,-,453.67,187.15M,-,100.86M,-,-,-,-,Food & Beverages / Food Processing / 
UMS,1.030,1.010,-,jan_01_2020,541.79M,536.43M,76.08%,126.85M,0.08,-,SGD 0.82097,SGD 0.82097,-,-,-,-,-,-,-,1.496,547.98M,275.03M,18.93M,-,-,-,-,111.09,44.62M,-,33.90M,-,-,-,-,Technology Equipment / Semiconductors / 
Sunpower,0.620,0.600,-,jan_01_2020,463.83M,770.50M,35.51%,32.59M,0.07,-,SGD 0.51065,SGD 0.5238,-,-,-,-,-,-,-,98.680,732.25M,"6,623.45M",782.58M,-,-,-,-,"1,435.34",394.70M,-,52.76M,-,-,-,-,Industrial Goods / Industrial Machinery & Equipment / 
Penguin Intl,0.740,0.765,-,jan_01_2020,168.43M,220.17M,66.99%,20.57M,0.04,-,SGD 0.6475,SGD 0.6475,-,-,-,-,-,-,-,0.055,126.89M,206.75M,42.62M,-,-,-,-,119.85,15.50M,-,16.29M,-,-,-,-,"Transportation / Passenger Transportation, Ground & Sea / "
GS Hldg,0.735,0.735,-,jan_01_2020,135.97M,184.99M,20.56%,6.18M,-0.03,-,SGD 0.51873,SGD 0.51362,-,-,-,-,-,-,-,"1,160.309",144.23M,17.42M,1.33M,-,-,-,-,9.20,-3.54M,-,3.17M,-,-,-,-,Industrial & Commercial Services / Business Support Services / 
Clearbridge,0.138,0.135,-,jan_01_2020,77.57M,574.57M,43.66%,21.46M,-0.03,-,SGD 0.14906,SGD 0.14906,-,-,-,-,-,-,-,5.074,72.69M,62.76M,7.77M,-,-,-,-,0.12,-18.40M,-,-10.44M,-,-,-,-,Healthcare Services / Healthcare Facilities & Services / 
Olam Intl,1.810,1.770,-,jan_01_2020,"5,789.70M",3.19B,69.14%,8.14M,0.07,-,SGD 1.8545,SGD 1.85455,-,-,-,-,-,-,-,102.620,"14,577.57M","23,446.82M","2,480.37M",-,-,-,-,"28,230.59",866.55M,-,270.38M,-,-,-,-,Food & Beverages / Food Processing / 
Seroja Inv,0.072,0.064,-,jan_01_2020,24.98M,390.39M,67.44%,2.10M,0.0,-,SGD 0.07509,SGD 0.07509,-,-,-,-,-,-,-,0.240,26.64M,74.50M,5.10M,-,-,-,-,34.65,2.84M,-,1.15M,-,-,-,-,Transportation / Marine Freight & Logistics / 
HMI,,0.725,-,jan_01_2020,608.26M,837.34M,32.70%,4.64M,0.02,-,SGD 0.71628,SGD 0.71397,-,-,-,-,-,-,-,108.072,692.93M,756.02M,81.91M,-,-,-,-,397.81,68.62M,-,15.98M,-,-,-,-,Healthcare Services / Healthcare Facilities & Services / 
Geo Energy Res,0.142,0.148,-,jan_01_2020,207.09M,1.40B,26.30%,12.26M,0.02,-,SGD 0.1474,SGD 0.1474,-,-,-,-,-,-,-,167.078,333.79M,548.58M,197.19M,-,-,-,-,182.11,28.79M,-,-33.07M,-,-,-,-,Energy - Fossil Fuels / Coal / 
Silverlake Axis,0.410,0.405,-,jan_01_2020,"1,092.07M",2.65B,29.78%,27.17M,0.03,-,SGD 0.45305,SGD 0.45289,-,-,-,-,-,-,-,10.654,912.61M,"1,182.36M",622.98M,-,-,-,-,636.28,313.46M,-,76.83M,-,-,-,-,Software & IT Services / Software / 
Singapore-eDev,0.043,0.043,-,jan_01_2020,47.38M,1.10B,20.73%,174.75M,-0.01,-,SGD 0.04702,SGD 0.04702,-,-,-,-,-,-,-,-,46.49M,67.78M,3.12M,-,-,-,-,1.70,-7.53M,-,-5.70M,-,-,-,-,Real Estate / Real Estate Services / 
Tianjin ZX USD,0.850,USD 0.850,-,jan_01_2020,"11,653.02M",768.87M,54.40%,53.95M,0.74,-,USD 0.84282,USD 0.84282,-,-,-,-,-,-,-,-,"10,409.03M","7,105.31M","1,508.37M",-,-,-,-,"7,080.55",641.55M,-,605.84M,-,-,-,-,Pharmaceuticals / 
Indofood Agri,0.325,0.325,-,jan_01_2020,470.53M,1.40B,17.42%,4.45M,-0.01,-,SGD 0.3238,SGD 0.3238,-,-,-,-,-,-,-,35.786,"1,337.45M","37,514,251.00M","2,228,869.00M",-,-,-,-,"13,835,444.00","569,348.00M",-,-59.18M,-,-,-,-,Food & Beverages / Fishing & Farming / 
SingTel 10,3.320,3.380,-,jan_01_2020,"55,192.36M",16.32B,94.87%,486.11M,0.19,-,SGD 3.28646,SGD 3.28646,-,-,-,-,-,-,-,29.439,"65,343.76M","48,914.80M",512.70M,-,-,-,-,"16,961.20","2,537.90M",-,"1,468.80M",-,-,-,-,Telecommunications Services / Integrated Telecommunications Services / 
SIIC Environment,0.265,0.260,-,jan_01_2020,676.73M,2.60B,44.15%,22.13M,0.03,-,SGD 0.24537,SGD 0.24552,-,-,-,-,-,-,-,110.893,"2,802.08M","29,718.75M","2,136.29M",-,-,-,-,"1,803.80","1,463.75M",-,113.28M,-,-,-,-,Utilities / Water Utilities / 
Sino Grandness,0.040,0.039,-,jan_01_2020,44.83M,1.15B,39.09%,110.17M,0.04,-,SGD 0.04631,SGD 0.04631,-,-,-,-,-,-,-,0.071,103.69M,"4,614.93M",621.79M,-,-,-,-,"3,313.90",386.90M,-,6.19M,-,-,-,-,Food & Beverages / Non-Alcoholic Beverages / 
Koh Eco,0.054,0.052,-,jan_01_2020,91.81M,1.77B,29.27%,87.87M,0.0,-,SGD 0.05133,SGD 0.05133,-,-,-,-,-,-,-,1.805,118.02M,250.10M,21.32M,-,-,-,-,44.78,7.02M,-,4.77M,-,-,-,-,Industrial & Commercial Services / Construction & Engineering / 
LionGold,0.002,0.001,-,jan_01_2020,31.71M,8.70B,85.83%,62.69M,0.0,-,SGD 0.00102,SGD 0.00102,-,-,-,-,-,-,-,116.291,42.55M,41.95M,5.58M,-,-,-,-,67.12,1.21M,-,-0.13M,-,-,-,-,Mineral Resources / Gold / 
Mermaid Maritime,0.135,,,jan_01_2020,,,,,,,,,,,,,,,,,,,,,,,,,,,,,,,,
Broadway Ind,0.133,,,jan_01_2020,,,,,,,,,,,,,,,,,,,,,,,,,,,,,,,,
Dyna-Mac,0.168,,,jan_01_2020,,,,,,,,,,,,,,,,,,,,,,,,,,,,,,,,
Thomson Medical,0.064,,,jan_01_2020,,,,,,,,,,,,,,,,,,,,,,,,,,,,,,,,
AusGroup,0.037,,,jan_01_2020,,,,,,,,,,,,,,,,,,,,,,,,,,,,,,,,
Interra Resource,0.085,,,jan_01_2020,,,,,,,,,,,,,,,,,,,,,,,,,,,,,,,,
Vividthree,0.134,,,jan_01_2020,,,,,,,,,,,,,,,,,,,,,,,,,,,,,,,,
Tritech,0.025,,,jan_01_2020,,,,,,,,,,,,,,,,,,,,,,,,,,,,,,,,
Chasen,0.078,,,jan_01_2020,,,,,,,,,,,,,,,,,,,,,,,,,,,,,,,,
BRC Asia,1.520,,,jan_01_2020,,,,,,,,,,,,,,,,,,,,,,,,,,,,,,,,
CSE Global,0.550,,,jan_01_2020,,,,,,,,,,,,,,,,,,,,,,,,,,,,,,,,
SHS,0.170,,,jan_01_2020,,,,,,,,,,,,,,,,,,,,,,,,,,,,,,,,
Addvalue Tech,0.031,,,jan_01_2020,,,,,,,,,,,,,,,,,,,,,,,,,,,,,,,,
Sarine Tech,0.370,,,jan_01_2020,,,,,,,,,,,,,,,,,,,,,,,,,,,,,,,,
Trendlines,0.096,,,jan_01_2020,,,,,,,,,,,,,,,,,,,,,,,,,,,,,,,,
HL Global Ent,0.300,,,jan_01_2020,,,,,,,,,,,,,,,,,,,,,,,,,,,,,,,,
OUE,1.490,,,jan_01_2020,,,,,,,,,,,,,,,,,,,,,,,,,,,,,,,,
SunMoonFood,0.052,,,jan_01_2020,,,,,,,,,,,,,,,,,,,,,,,,,,,,,,,,
SBS Transit,3.830,,,jan_01_2020,,,,,,,,,,,,,,,,,,,,,,,,,,,,,,,,
UnUsUaL,0.290,,,jan_01_2020,,,,,,,,,,,,,,,,,,,,,,,,,,,,,,,,
Food Empire,0.650,,,jan_01_2020,,,,,,,,,,,,,,,,,,,,,,,,,,,,,,,,
Hotung Inv,1.840,,,jan_01_2020,,,,,,,,,,,,,,,,,,,,,,,,,,,,,,,,
IEV,0.055,,,jan_01_2020,,,,,,,,,,,,,,,,,,,,,,,,,,,,,,,,
Fu Yu,0.255,,,jan_01_2020,,,,,,,,,,,,,,,,,,,,,,,,,,,,,,,,
MarcoPolo Marine,0.019,,,jan_01_2020,,,,,,,,,,,,,,,,,,,,,,,,,,,,,,,,
Delfi,1.000,,,jan_01_2020,,,,,,,,,,,,,,,,,,,,,,,,,,,,,,,,
Moya Asia,0.074,,,jan_01_2020,,,,,,,,,,,,,,,,,,,,,,,,,,,,,,,,
Japfa,0.580,,,jan_01_2020,,,,,,,,,,,,,,,,,,,,,,,,,,,,,,,,
Ho Bee Land,2.410,,,jan_01_2020,,,,,,,,,,,,,,,,,,,,,,,,,,,,,,,,
Jadason,0.037,,,jan_01_2020,,,,,,,,,,,,,,,,,,,,,,,,,,,,,,,,
Straits Trading,2.120,,,jan_01_2020,,,,,,,,,,,,,,,,,,,,,,,,,,,,,,,,
ASTI,0.043,,,jan_01_2020,,,,,,,,,,,,,,,,,,,,,,,,,,,,,,,,
Thakral,0.490,,,jan_01_2020,,,,,,,,,,,,,,,,,,,,,,,,,,,,,,,,
Great Eastern,21.750,,,jan_01_2020,,,,,,,,,,,,,,,,,,,,,,,,,,,,,,,,
VICOM,7.730,,,jan_01_2020,,,,,,,,,,,,,,,,,,,,,,,,,,,,,,,,
SingHaiyi,0.093,,,jan_01_2020,,,,,,,,,,,,,,,,,,,,,,,,,,,,,,,,
Riverstone,0.925,,,jan_01_2020,,,,,,,,,,,,,,,,,,,,,,,,,,,,,,,,
Tuan Sing,0.330,,,jan_01_2020,,,,,,,,,,,,,,,,,,,,,,,,,,,,,,,,
Sunningdale Tech,1.330,,,jan_01_2020,,,,,,,,,,,,,,,,,,,,,,,,,,,,,,,,
ChinaSunsine,0.515,,,jan_01_2020,,,,,,,,,,,,,,,,,,,,,,,,,,,,,,,,
Zheneng Jinjiang,0.600,,,jan_01_2020,,,,,,,,,,,,,,,,,,,,,,,,,,,,,,,,
A-Smart,0.370,,,jan_01_2020,,,,,,,,,,,,,,,,,,,,,,,,,,,,,,,,
ISDN,0.230,,,jan_01_2020,,,,,,,,,,,,,,,,,,,,,,,,,,,,,,,,
Uni-Asia Grp,0.740,,,jan_01_2020,,,,,,,,,,,,,,,,,,,,,,,,,,,,,,,,
GL,0.805,,,jan_01_2020,,,,,,,,,,,,,,,,,,,,,,,,,,,,,,,,
JEP,0.230,,,jan_01_2020,,,,,,,,,,,,,,,,,,,,,,,,,,,,,,,,
Spackman,0.015,,,jan_01_2020,,,,,,,,,,,,,,,,,,,,,,,,,,,,,,,,
Overseas Edu,0.370,,,jan_01_2020,,,,,,,,,,,,,,,,,,,,,,,,,,,,,,,,
A-Sonic Aero,0.445,,,jan_01_2020,,,,,,,,,,,,,,,,,,,,,,,,,,,,,,,,
Healthway Med,0.026,,,jan_01_2020,,,,,,,,,,,,,,,,,,,,,,,,,,,,,,,,
UIC,2.870,,,jan_01_2020,,,,,,,,,,,,,,,,,,,,,,,,,,,,,,,,
UOB Kay Hian,1.210,,,jan_01_2020,,,,,,,,,,,,,,,,,,,,,,,,,,,,,,,,
P5 Capital,0.031,,,jan_01_2020,,,,,,,,,,,,,,,,,,,,,,,,,,,,,,,,
IX Biopharma,0.225,,,jan_01_2020,,,,,,,,,,,,,,,,,,,,,,,,,,,,,,,,
Grand Venture,0.265,,,jan_01_2020,,,,,,,,,,,,,,,,,,,,,,,,,,,,,,,,
Hong Leong Asia,0.670,,,jan_01_2020,,,,,,,,,,,,,,,,,,,,,,,,,,,,,,,,
Metal Component,0.030,,,jan_01_2020,,,,,,,,,,,,,,,,,,,,,,,,,,,,,,,,
Spindex Ind,0.970,,,jan_01_2020,,,,,,,,,,,,,,,,,,,,,,,,,,,,,,,,
Tiong Woon,0.525,,,jan_01_2020,,,,,,,,,,,,,,,,,,,,,,,,,,,,,,,,
Sunright,0.520,,,jan_01_2020,,,,,,,,,,,,,,,,,,,,,,,,,,,,,,,,
Jumbo,0.380,,,jan_01_2020,,,,,,,,,,,,,,,,,,,,,,,,,,,,,,,,
Duty Free Intl,0.159,,,jan_01_2020,,,,,,,,,,,,,,,,,,,,,,,,,,,,,,,,
Boustead Proj,0.920,,,jan_01_2020,,,,,,,,,,,,,,,,,,,,,,,,,,,,,,,,
Medtecs Intl,0.037,,,jan_01_2020,,,,,,,,,,,,,,,,,,,,,,,,,,,,,,,,
Fragrance,0.134,,,jan_01_2020,,,,,,,,,,,,,,,,,,,,,,,,,,,,,,,,
Lian Beng,0.520,,,jan_01_2020,,,,,,,,,,,,,,,,,,,,,,,,,,,,,,,,
APAC Realty,0.490,,,jan_01_2020,,,,,,,,,,,,,,,,,,,,,,,,,,,,,,,,
Sen Yue,0.033,,,jan_01_2020,,,,,,,,,,,,,,,,,,,,,,,,,,,,,,,,
Amara,0.450,,,jan_01_2020,,,,,,,,,,,,,,,,,,,,,,,,,,,,,,,,
Nam Cheong,0.008,,,jan_01_2020,,,,,,,,,,,,,,,,,,,,,,,,,,,,,,,,
Halcyon Agri,0.450,,,jan_01_2020,,,,,,,,,,,,,,,,,,,,,,,,,,,,,,,,
Pacific Century,0.320,,,jan_01_2020,,,,,,,,,,,,,,,,,,,,,,,,,,,,,,,,
Ntegrator Intl,0.008,,,jan_01_2020,,,,,,,,,,,,,,,,,,,,,,,,,,,,,,,,
Jiutian Chemical,0.017,,,jan_01_2020,,,,,,,,,,,,,,,,,,,,,,,,,,,,,,,,
Perennial Hldgs,0.555,,,jan_01_2020,,,,,,,,,,,,,,,,,,,,,,,,,,,,,,,,
Yongnam,0.150,,,jan_01_2020,,,,,,,,,,,,,,,,,,,,,,,,,,,,,,,,
Procurri,0.485,,,jan_01_2020,,,,,,,,,,,,,,,,,,,,,,,,,,,,,,,,
Straco,0.675,,,jan_01_2020,,,,,,,,,,,,,,,,,,,,,,,,,,,,,,,,
First Sponsor,1.390,,,jan_01_2020,,,,,,,,,,,,,,,,,,,,,,,,,,,,,,,,
Isetan,4.870,,,jan_01_2020,,,,,,,,,,,,,,,,,,,,,,,,,,,,,,,,
Global Inv,0.142,,,jan_01_2020,,,,,,,,,,,,,,,,,,,,,,,,,,,,,,,,
IFS Capital,0.230,,,jan_01_2020,,,,,,,,,,,,,,,,,,,,,,,,,,,,,,,,
Winas,0.026,,,jan_01_2020,,,,,,,,,,,,,,,,,,,,,,,,,,,,,,,,
F & N,1.720,,,jan_01_2020,,,,,,,,,,,,,,,,,,,,,,,,,,,,,,,,
Hock Lian Seng,0.375,,,jan_01_2020,,,,,,,,,,,,,,,,,,,,,,,,,,,,,,,,
Asiatic,0.008,,,jan_01_2020,,,,,,,,,,,,,,,,,,,,,,,,,,,,,,,,
AEI,0.860,,,jan_01_2020,,,,,,,,,,,,,,,,,,,,,,,,,,,,,,,,
Global Testing,0.495,,,jan_01_2020,,,,,,,,,,,,,,,,,,,,,,,,,,,,,,,,
BlackGoldNatural,0.010,,,jan_01_2020,,,,,,,,,,,,,,,,,,,,,,,,,,,,,,,,
GSH,0.350,,,jan_01_2020,,,,,,,,,,,,,,,,,,,,,,,,,,,,,,,,
GuocoLand,1.960,,,jan_01_2020,,,,,,,,,,,,,,,,,,,,,,,,,,,,,,,,
TEE Land,0.158,,,jan_01_2020,,,,,,,,,,,,,,,,,,,,,,,,,,,,,,,,
Shinvest,2.430,,,jan_01_2020,,,,,,,,,,,,,,,,,,,,,,,,,,,,,,,,
Ying Li Intl,0.118,,,jan_01_2020,,,,,,,,,,,,,,,,,,,,,,,,,,,,,,,,
Singapore O&G,0.300,,,jan_01_2020,,,,,,,,,,,,,,,,,,,,,,,,,,,,,,,,
QAF,0.805,,,jan_01_2020,,,,,,,,,,,,,,,,,,,,,,,,,,,,,,,,
Hanwell,0.215,,,jan_01_2020,,,,,,,,,,,,,,,,,,,,,,,,,,,,,,,,
Micro-Mechanics,1.850,,,jan_01_2020,,,,,,,,,,,,,,,,,,,,,,,,,,,,,,,,
Elec & Eltek USD,1.710,,,jan_01_2020,,,,,,,,,,,,,,,,,,,,,,,,,,,,,,,,
Aspen,0.079,,,jan_01_2020,,,,,,,,,,,,,,,,,,,,,,,,,,,,,,,,
TrickleStar,0.310,,,jan_01_2020,,,,,,,,,,,,,,,,,,,,,,,,,,,,,,,,
Metro,0.935,,,jan_01_2020,,,,,,,,,,,,,,,,,,,,,,,,,,,,,,,,
PEC,0.595,,,jan_01_2020,,,,,,,,,,,,,,,,,,,,,,,,,,,,,,,,
KingsmenCreative,0.435,,,jan_01_2020,,,,,,,,,,,,,,,,,,,,,,,,,,,,,,,,
Banyan Tree,0.420,,,jan_01_2020,,,,,,,,,,,,,,,,,,,,,,,,,,,,,,,,
Hwa Hong,0.320,,,jan_01_2020,,,,,,,,,,,,,,,,,,,,,,,,,,,,,,,,
Ley Choon,0.016,,,jan_01_2020,,,,,,,,,,,,,,,,,,,,,,,,,,,,,,,,
China Star Food,0.026,,,jan_01_2020,,,,,,,,,,,,,,,,,,,,,,,,,,,,,,,,
Hotel Royal,3.010,,,jan_01_2020,,,,,,,,,,,,,,,,,,,,,,,,,,,,,,,,
Hong Fok,0.790,,,jan_01_2020,,,,,,,,,,,,,,,,,,,,,,,,,,,,,,,,
Mercurius,0.046,,,jan_01_2020,,,,,,,,,,,,,,,,,,,,,,,,,,,,,,,,
OUE Lippo HC,0.058,,,jan_01_2020,,,,,,,,,,,,,,,,,,,,,,,,,,,,,,,,
Hiap Hoe,0.800,,,jan_01_2020,,,,,,,,,,,,,,,,,,,,,,,,,,,,,,,,
Hai Leck,0.535,,,jan_01_2020,,,,,,,,,,,,,,,,,,,,,,,,,,,,,,,,
JCG Investment,0.003,,,jan_01_2020,,,,,,,,,,,,,,,,,,,,,,,,,,,,,,,,
POSH,0.210,,,jan_01_2020,,,,,,,,,,,,,,,,,,,,,,,,,,,,,,,,
InnoTek,0.455,,,jan_01_2020,,,,,,,,,,,,,,,,,,,,,,,,,,,,,,,,
Gallant Venture,0.119,,,jan_01_2020,,,,,,,,,,,,,,,,,,,,,,,,,,,,,,,,
Sinostar Pec,0.188,,,jan_01_2020,,,,,,,,,,,,,,,,,,,,,,,,,,,,,,,,
Bund Center,0.575,,,jan_01_2020,,,,,,,,,,,,,,,,,,,,,,,,,,,,,,,,
Aoxin Q & M,0.182,,,jan_01_2020,,,,,,,,,,,,,,,,,,,,,,,,,,,,,,,,
CDW,0.180,,,jan_01_2020,,,,,,,,,,,,,,,,,,,,,,,,,,,,,,,,
Nam Lee Metal,0.380,,,jan_01_2020,,,,,,,,,,,,,,,,,,,,,,,,,,,,,,,,
Koh Bros,0.220,,,jan_01_2020,,,,,,,,,,,,,,,,,,,,,,,,,,,,,,,,
Sing Inv & Fin,1.430,,,jan_01_2020,,,,,,,,,,,,,,,,,,,,,,,,,,,,,,,,
Avi-Tech,0.420,,,jan_01_2020,,,,,,,,,,,,,,,,,,,,,,,,,,,,,,,,
Anchor Resources,0.009,,,jan_01_2020,,,,,,,,,,,,,,,,,,,,,,,,,,,,,,,,
UOI,6.900,,,jan_01_2020,,,,,,,,,,,,,,,,,,,,,,,,,,,,,,,,
TeleChoice Intl,0.205,,,jan_01_2020,,,,,,,,,,,,,,,,,,,,,,,,,,,,,,,,
Keong Hong,0.440,,,jan_01_2020,,,,,,,,,,,,,,,,,,,,,,,,,,,,,,,,
Low Keng Huat,0.425,,,jan_01_2020,,,,,,,,,,,,,,,,,,,,,,,,,,,,,,,,
PNE Industries,0.935,,,jan_01_2020,,,,,,,,,,,,,,,,,,,,,,,,,,,,,,,,
Sinarmas Land,0.250,,,jan_01_2020,,,,,,,,,,,,,,,,,,,,,,,,,,,,,,,,
Tai Sin Electric,0.330,,,jan_01_2020,,,,,,,,,,,,,,,,,,,,,,,,,,,,,,,,
SingReinsurance,0.295,,,jan_01_2020,,,,,,,,,,,,,,,,,,,,,,,,,,,,,,,,
QT Vascular,0.003,,,jan_01_2020,,,,,,,,,,,,,,,,,,,,,,,,,,,,,,,,
Pan Hong,0.112,,,jan_01_2020,,,,,,,,,,,,,,,,,,,,,,,,,,,,,,,,
Ellipsiz,0.410,,,jan_01_2020,,,,,,,,,,,,,,,,,,,,,,,,,,,,,,,,
China Intl,0.305,,,jan_01_2020,,,,,,,,,,,,,,,,,,,,,,,,,,,,,,,,
Spura Finance,0.885,,,jan_01_2020,,,,,,,,,,,,,,,,,,,,,,,,,,,,,,,,
LifeBrandz,0.006,,,jan_01_2020,,,,,,,,,,,,,,,,,,,,,,,,,,,,,,,,
GCCP,0.006,,,jan_01_2020,,,,,,,,,,,,,,,,,,,,,,,,,,,,,,,,
FJ Benjamin,0.034,,,jan_01_2020,,,,,,,,,,,,,,,,,,,,,,,,,,,,,,,,
Yeo Hiap Seng,0.940,,,jan_01_2020,,,,,,,,,,,,,,,,,,,,,,,,,,,,,,,,
IFAST,1.040,,,jan_01_2020,,,,,,,,,,,,,,,,,,,,,,,,,,,,,,,,
CSC,0.023,,,jan_01_2020,,,,,,,,,,,,,,,,,,,,,,,,,,,,,,,,
AsiaPhos,0.009,,,jan_01_2020,,,,,,,,,,,,,,,,,,,,,,,,,,,,,,,,
Baker Technology,0.380,,,jan_01_2020,,,,,,,,,,,,,,,,,,,,,,,,,,,,,,,,
AsiaMedic,0.012,,,jan_01_2020,,,,,,,,,,,,,,,,,,,,,,,,,,,,,,,,
King Wan,0.092,,,jan_01_2020,,,,,,,,,,,,,,,,,,,,,,,,,,,,,,,,
Roxy-Pacific,0.385,,,jan_01_2020,,,,,,,,,,,,,,,,,,,,,,,,,,,,,,,,
Lum Chang,0.360,,,jan_01_2020,,,,,,,,,,,,,,,,,,,,,,,,,,,,,,,,
Maxi-Cash Fin,0.139,,,jan_01_2020,,,,,,,,,,,,,,,,,,,,,,,,,,,,,,,,
Union Gas,0.245,,,jan_01_2020,,,,,,,,,,,,,,,,,,,,,,,,,,,,,,,,
MindChamps,0.475,,,jan_01_2020,,,,,,,,,,,,,,,,,,,,,,,,,,,,,,,,
EcoWise,0.029,,,jan_01_2020,,,,,,,,,,,,,,,,,,,,,,,,,,,,,,,,
SK Jewellery,0.087,,,jan_01_2020,,,,,,,,,,,,,,,,,,,,,,,,,,,,,,,,
Powermatic Data,2.740,,,jan_01_2020,,,,,,,,,,,,,,,,,,,,,,,,,,,,,,,,
The Place Hldg,0.018,,,jan_01_2020,,,,,,,,,,,,,,,,,,,,,,,,,,,,,,,,
Raffles Edu,0.089,,,jan_01_2020,,,,,,,,,,,,,,,,,,,,,,,,,,,,,,,,
ST Group Food,0.260,,,jan_01_2020,,,,,,,,,,,,,,,,,,,,,,,,,,,,,,,,
TLV,0.069,,,jan_01_2020,,,,,,,,,,,,,,,,,,,,,,,,,,,,,,,,
Medinex,0.270,,,jan_01_2020,,,,,,,,,,,,,,,,,,,,,,,,,,,,,,,,
Asian Healthcare,0.220,,,jan_01_2020,,,,,,,,,,,,,,,,,,,,,,,,,,,,,,,,
Ossia Intl,0.108,,,jan_01_2020,,,,,,,,,,,,,,,,,,,,,,,,,,,,,,,,
MDR,0.001,,,jan_01_2020,,,,,,,,,,,,,,,,,,,,,,,,,,,,,,,,
Dutech,0.270,,,jan_01_2020,,,,,,,,,,,,,,,,,,,,,,,,,,,,,,,,
Centurion,0.445,,,jan_01_2020,,,,,,,,,,,,,,,,,,,,,,,,,,,,,,,,
Asian Micro,0.004,,,jan_01_2020,,,,,,,,,,,,,,,,,,,,,,,,,,,,,,,,
Nordic,0.290,,,jan_01_2020,,,,,,,,,,,,,,,,,,,,,,,,,,,,,,,,
Grand Banks,0.290,,,jan_01_2020,,,,,,,,,,,,,,,,,,,,,,,,,,,,,,,,
Soup Restaurant,0.150,,,jan_01_2020,,,,,,,,,,,,,,,,,,,,,,,,,,,,,,,,
VibroPower,0.109,,,jan_01_2020,,,,,,,,,,,,,,,,,,,,,,,,,,,,,,,,
Amplefield Ltd,0.023,,,jan_01_2020,,,,,,,,,,,,,,,,,,,,,,,,,,,,,,,,
LHN,0.130,,,jan_01_2020,,,,,,,,,,,,,,,,,,,,,,,,,,,,,,,,
Eneco Energy,0.034,,,jan_01_2020,,,,,,,,,,,,,,,,,,,,,,,,,,,,,,,,
No Signboard,0.057,,,jan_01_2020,,,,,,,,,,,,,,,,,,,,,,,,,,,,,,,,
HealthBank,0.138,,,jan_01_2020,,,,,,,,,,,,,,,,,,,,,,,,,,,,,,,,
Katrina,0.136,,,jan_01_2020,,,,,,,,,,,,,,,,,,,,,,,,,,,,,,,,
Sysma,0.151,,,jan_01_2020,,,,,,,,,,,,,,,,,,,,,,,,,,,,,,,,
Polaris,0.002,,,jan_01_2020,,,,,,,,,,,,,,,,,,,,,,,,,,,,,,,,
Avarga,0.156,,,jan_01_2020,,,,,,,,,,,,,,,,,,,,,,,,,,,,,,,,
Top Glove,1.560,,,jan_01_2020,,,,,,,,,,,,,,,,,,,,,,,,,,,,,,,,
G K Goh,0.850,,,jan_01_2020,,,,,,,,,,,,,,,,,,,,,,,,,,,,,,,,
LY Corp,0.185,,,jan_01_2020,,,,,,,,,,,,,,,,,,,,,,,,,,,,,,,,
Tiong Seng,0.200,,,jan_01_2020,,,,,,,,,,,,,,,,,,,,,,,,,,,,,,,,
Soon Lian,0.060,,,jan_01_2020,,,,,,,,,,,,,,,,,,,,,,,,,,,,,,,,
Olive Tree,0.110,,,jan_01_2020,,,,,,,,,,,,,,,,,,,,,,,,,,,,,,,,
GYP Properties,0.122,,,jan_01_2020,,,,,,,,,,,,,,,,,,,,,,,,,,,,,,,,
Sanli Env,0.070,,,jan_01_2020,,,,,,,,,,,,,,,,,,,,,,,,,,,,,,,,
Excelpoint,0.490,,,jan_01_2020,,,,,,,,,,,,,,,,,,,,,,,,,,,,,,,,
Nippecraft,0.031,,,jan_01_2020,,,,,,,,,,,,,,,,,,,,,,,,,,,,,,,,
SUTL Enterprise,0.530,,,jan_01_2020,,,,,,,,,,,,,,,,,,,,,,,,,,,,,,,,
Edition,0.004,,,jan_01_2020,,,,,,,,,,,,,,,,,,,,,,,,,,,,,,,,
Accrelist Ltd,0.080,,,jan_01_2020,,,,,,,,,,,,,,,,,,,,,,,,,,,,,,,,
Capital World,0.008,,,jan_01_2020,,,,,,,,,,,,,,,,,,,,,,,,,,,,,,,,
MFG Integration,0.091,,,jan_01_2020,,,,,,,,,,,,,,,,,,,,,,,,,,,,,,,,
KimHeng Offshore,0.053,,,jan_01_2020,,,,,,,,,,,,,,,,,,,,,,,,,,,,,,,,
Lion Asiapac,0.400,,,jan_01_2020,,,,,,,,,,,,,,,,,,,,,,,,,,,,,,,,
SamuderaShipping,0.157,,,jan_01_2020,,,,,,,,,,,,,,,,,,,,,,,,,,,,,,,,
SEVAK,2.690,,,jan_01_2020,,,,,,,,,,,,,,,,,,,,,,,,,,,,,,,,
Serial System,0.082,,,jan_01_2020,,,,,,,,,,,,,,,,,,,,,,,,,,,,,,,,
Intl Cement,0.020,,,jan_01_2020,,,,,,,,,,,,,,,,,,,,,,,,,,,,,,,,
Chuan Hup,0.230,,,jan_01_2020,,,,,,,,,,,,,,,,,,,,,,,,,,,,,,,,
CosmoSteel,0.080,,,jan_01_2020,,,,,,,,,,,,,,,,,,,,,,,,,,,,,,,,
Fuxing China,0.780,,,jan_01_2020,,,,,,,,,,,,,,,,,,,,,,,,,,,,,,,,
IPC Corp,0.290,,,jan_01_2020,,,,,,,,,,,,,,,,,,,,,,,,,,,,,,,,
TalkMed,0.515,,,jan_01_2020,,,,,,,,,,,,,,,,,,,,,,,,,,,,,,,,
Blumont,0.001,,,jan_01_2020,,,,,,,,,,,,,,,,,,,,,,,,,,,,,,,,
Incredible,0.014,,,jan_01_2020,,,,,,,,,,,,,,,,,,,,,,,,,,,,,,,,
ICP Ltd,0.007,,,jan_01_2020,,,,,,,,,,,,,,,,,,,,,,,,,,,,,,,,
Regal Intl,0.015,,,jan_01_2020,,,,,,,,,,,,,,,,,,,,,,,,,,,,,,,,
Progen,0.020,,,jan_01_2020,,,,,,,,,,,,,,,,,,,,,,,,,,,,,,,,
Arion Ent,0.006,,,jan_01_2020,,,,,,,,,,,,,,,,,,,,,,,,,,,,,,,,
New Wave,0.005,,,jan_01_2020,,,,,,,,,,,,,,,,,,,,,,,,,,,,,,,,
CPH,0.004,,,jan_01_2020,,,,,,,,,,,,,,,,,,,,,,,,,,,,,,,,
KLW,0.002,,,jan_01_2020,,,,,,,,,,,,,,,,,,,,,,,,,,,,,,,,
China Real Estate,0.002,,,jan_01_2020,,,,,,,,,,,,,,,,,,,,,,,,,,,,,,,,
Renaissance United,0.002,,,jan_01_2020,,,,,,,,,,,,,,,,,,,,,,,,,,,,,,,,
3Cnergy,0.008,,,jan_01_2020,,,,,,,,,,,,,,,,,,,,,,,,,,,,,,,,
Fuji Offset,0.420,,,jan_01_2020,,,,,,,,,,,,,,,,,,,,,,,,,,,,,,,,
Hiap Seng,0.020,,,jan_01_2020,,,,,,,,,,,,,,,,,,,,,,,,,,,,,,,,
Second Chance,0.235,,,jan_01_2020,,,,,,,,,,,,,,,,,,,,,,,,,,,,,,,,
DISA,0.002,,,jan_01_2020,,,,,,,,,,,,,,,,,,,,,,,,,,,,,,,,
ABR,0.740,,,jan_01_2020,,,,,,,,,,,,,,,,,,,,,,,,,,,,,,,,
Tung Lok Rest,0.147,,,jan_01_2020,,,,,,,,,,,,,,,,,,,,,,,,,,,,,,,,
Abundance Intl,0.009,,,jan_01_2020,,,,,,,,,,,,,,,,,,,,,,,,,,,,,,,,
Noel Gifts Intl,0.245,,,jan_01_2020,,,,,,,,,,,,,,,,,,,,,,,,,,,,,,,,
Viking Offshore,0.004,,,jan_01_2020,,,,,,,,,,,,,,,,,,,,,,,,,,,,,,,,
Teckwah,0.465,,,jan_01_2020,,,,,,,,,,,,,,,,,,,,,,,,,,,,,,,,
Colex,0.195,,,jan_01_2020,,,,,,,,,,,,,,,,,,,,,,,,,,,,,,,,
Vicplas Intl,0.100,,,jan_01_2020,,,,,,,,,,,,,,,,,,,,,,,,,,,,,,,,
Transit Concrete,0.073,,,jan_01_2020,,,,,,,,,,,,,,,,,,,,,,,,,,,,,,,,
IP Softcom,0.009,,,jan_01_2020,,,,,,,,,,,,,,,,,,,,,,,,,,,,,,,,
KS Energy,0.011,,,jan_01_2020,,,,,,,,,,,,,,,,,,,,,,,,,,,,,,,,
Oceanus,0.004,,,jan_01_2020,,,,,,,,,,,,,,,,,,,,,,,,,,,,,,,,
Santak,0.090,,,jan_01_2020,,,,,,,,,,,,,,,,,,,,,,,,,,,,,,,,
Sunrise Shares,0.026,,,jan_01_2020,,,,,,,,,,,,,,,,,,,,,,,,,,,,,,,,
OEL,0.008,,,jan_01_2020,,,,,,,,,,,,,,,,,,,,,,,,,,,,,,,,
Global Dragon,0.062,,,jan_01_2020,,,,,,,,,,,,,,,,,,,,,,,,,,,,,,,,
CWX Global,0.004,,,jan_01_2020,,,,,,,,,,,,,,,,,,,,,,,,,,,,,,,,
GKE,0.072,,,jan_01_2020,,,,,,,,,,,,,,,,,,,,,,,,,,,,,,,,
Pavillon,0.018,,,jan_01_2020,,,,,,,,,,,,,,,,,,,,,,,,,,,,,,,,
Hyflux,0.210,,,jan_01_2020,,,,,,,,,,,,,,,,,,,,,,,,,,,,,,,,
8Telecom,0.069,,,jan_01_2020,,,,,,,,,,,,,,,,,,,,,,,,,,,,,,,,
AA,0.009,,,jan_01_2020,,,,,,,,,,,,,,,,,,,,,,,,,,,,,,,,
Abterra,0.045,,,jan_01_2020,,,,,,,,,,,,,,,,,,,,,,,,,,,,,,,,
Ace Achieve Info,0.008,,,jan_01_2020,,,,,,,,,,,,,,,,,,,,,,,,,,,,,,,,
Acesian Partners,0.011,,,jan_01_2020,,,,,,,,,,,,,,,,,,,,,,,,,,,,,,,,
Acma,0.102,,,jan_01_2020,,,,,,,,,,,,,,,,,,,,,,,,,,,,,,,,
Acromec,0.079,,,jan_01_2020,,,,,,,,,,,,,,,,,,,,,,,,,,,,,,,,
Advanced Systems,0.001,,,jan_01_2020,,,,,,,,,,,,,,,,,,,,,,,,,,,,,,,,
Advanced,0.112,,,jan_01_2020,,,,,,,,,,,,,,,,,,,,,,,,,,,,,,,,
Challenger,0.530,,,jan_01_2020,,,,,,,,,,,,,,,,,,,,,,,,,,,,,,,,
Advancer Global,0.136,,,jan_01_2020,,,,,,,,,,,,,,,,,,,,,,,,,,,,,,,,
Adventus,0.004,,,jan_01_2020,,,,,,,,,,,,,,,,,,,,,,,,,,,,,,,,
AF Global,0.150,,,jan_01_2020,,,,,,,,,,,,,,,,,,,,,,,,,,,,,,,,
AGV,0.025,,,jan_01_2020,,,,,,,,,,,,,,,,,,,,,,,,,,,,,,,,
AIMS Property,1.490,,,jan_01_2020,,,,,,,,,,,,,,,,,,,,,,,,,,,,,,,,
AliPictures HKD,1.320,,,jan_01_2020,,,,,,,,,,,,,,,,,,,,,,,,,,,,,,,,
Alita Resources,0.078,,,jan_01_2020,,,,,,,,,,,,,,,,,,,,,,,,,,,,,,,,
Alliance HC,0.140,,,jan_01_2020,,,,,,,,,,,,,,,,,,,,,,,,,,,,,,,,
Allied Tech,0.011,,,jan_01_2020,,,,,,,,,,,,,,,,,,,,,,,,,,,,,,,,
Alpha Energy,0.032,,,jan_01_2020,,,,,,,,,,,,,,,,,,,,,,,,,,,,,,,,
AMOS,0.041,,,jan_01_2020,,,,,,,,,,,,,,,,,,,,,,,,,,,,,,,,
AnAn Intl,0.004,,,jan_01_2020,,,,,,,,,,,,,,,,,,,,,,,,,,,,,,,,
Anchun Intl,0.315,,,jan_01_2020,,,,,,,,,,,,,,,,,,,,,,,,,,,,,,,,
AnnAik,0.064,,,jan_01_2020,,,,,,,,,,,,,,,,,,,,,,,,,,,,,,,,
Annica,0.001,,,jan_01_2020,,,,,,,,,,,,,,,,,,,,,,,,,,,,,,,,
AP Oil,0.172,,,jan_01_2020,,,,,,,,,,,,,,,,,,,,,,,,,,,,,,,,
Artivision Tech,0.003,,,jan_01_2020,,,,,,,,,,,,,,,,,,,,,,,,,,,,,,,,
Asia Enterprises,0.160,,,jan_01_2020,,,,,,,,,,,,,,,,,,,,,,,,,,,,,,,,
Asia Fashion,0.064,,,jan_01_2020,,,,,,,,,,,,,,,,,,,,,,,,,,,,,,,,
Asia Vets,0.130,,,jan_01_2020,,,,,,,,,,,,,,,,,,,,,,,,,,,,,,,,
AsiaMedic R,﹣,,,jan_01_2020,,,,,,,,,,,,,,,,,,,,,,,,,,,,,,,,
Asiatravel.com,0.027,,,jan_01_2020,,,,,,,,,,,,,,,,,,,,,,,,,,,,,,,,
ASL Marine,0.033,,,jan_01_2020,,,,,,,,,,,,,,,,,,,,,,,,,,,,,,,,
Aspial,0.153,,,jan_01_2020,,,,,,,,,,,,,,,,,,,,,,,,,,,,,,,,
Astaka,0.088,,,jan_01_2020,,,,,,,,,,,,,,,,,,,,,,,,,,,,,,,,
Atlantic Nav,0.035,,,jan_01_2020,,,,,,,,,,,,,,,,,,,,,,,,,,,,,,,,
AVIC,0.149,,,jan_01_2020,,,,,,,,,,,,,,,,,,,,,,,,,,,,,,,,
AVJennings A$,0.610,,,jan_01_2020,,,,,,,,,,,,,,,,,,,,,,,,,,,,,,,,
Axcelasia,0.044,,,jan_01_2020,,,,,,,,,,,,,,,,,,,,,,,,,,,,,,,,
Ayondo,0.048,,,jan_01_2020,,,,,,,,,,,,,,,,,,,,,,,,,,,,,,,,
Azeus,0.950,,,jan_01_2020,,,,,,,,,,,,,,,,,,,,,,,,,,,,,,,,
B&M Hldg,3.500,,,jan_01_2020,,,,,,,,,,,,,,,,,,,,,,,,,,,,,,,,
Ban Leong,0.235,,,jan_01_2020,,,,,,,,,,,,,,,,,,,,,,,,,,,,,,,,
BBR,0.162,,,jan_01_2020,,,,,,,,,,,,,,,,,,,,,,,,,,,,,,,,
Beng Kuang,0.047,,,jan_01_2020,,,,,,,,,,,,,,,,,,,,,,,,,,,,,,,,
Berlian LajuTank,0.027,,,jan_01_2020,,,,,,,,,,,,,,,,,,,,,,,,,,,,,,,,
Best World,1.360,,,jan_01_2020,,,,,,,,,,,,,,,,,,,,,,,,,,,,,,,,
BH Global,0.075,,,jan_01_2020,,,,,,,,,,,,,,,,,,,,,,,,,,,,,,,,
Biolidics,0.245,,,jan_01_2020,,,,,,,,,,,,,,,,,,,,,,,,,,,,,,,,
BMM,0.007,,,jan_01_2020,,,,,,,,,,,,,,,,,,,,,,,,,,,,,,,,
Boldtek,0.089,,,jan_01_2020,,,,,,,,,,,,,,,,,,,,,,,,,,,,,,,,
Bonvests,1.190,,,jan_01_2020,,,,,,,,,,,,,,,,,,,,,,,,,,,,,,,,
China Hongxing,0.115,,,jan_01_2020,,,,,,,,,,,,,,,,,,,,,,,,,,,,,,,,
Brook Crompton,0.840,,,jan_01_2020,,,,,,,,,,,,,,,,,,,,,,,,,,,,,,,,
Cacola,0.001,,,jan_01_2020,,,,,,,,,,,,,,,,,,,,,,,,,,,,,,,,
Camsing Hc,1.070,,,jan_01_2020,,,,,,,,,,,,,,,,,,,,,,,,,,,,,,,,
Captii,0.370,,,jan_01_2020,,,,,,,,,,,,,,,,,,,,,,,,,,,,,,,,
Casa,0.056,,,jan_01_2020,,,,,,,,,,,,,,,,,,,,,,,,,,,,,,,,
CEI,0.960,,,jan_01_2020,,,,,,,,,,,,,,,,,,,,,,,,,,,,,,,,
CFM,0.017,,,jan_01_2020,,,,,,,,,,,,,,,,,,,,,,,,,,,,,,,,
CH Offshore,0.053,,,jan_01_2020,,,,,,,,,,,,,,,,,,,,,,,,,,,,,,,,
Charisma Energy,0.002,,,jan_01_2020,,,,,,,,,,,,,,,,,,,,,,,,,,,,,,,,
ChasWood Res,0.009,,,jan_01_2020,,,,,,,,,,,,,,,,,,,,,,,,,,,,,,,,
Chemical Ind,0.740,,,jan_01_2020,,,,,,,,,,,,,,,,,,,,,,,,,,,,,,,,
Cheung Woh,0.151,,,jan_01_2020,,,,,,,,,,,,,,,,,,,,,,,,,,,,,,,,
China Env,0.037,,,jan_01_2020,,,,,,,,,,,,,,,,,,,,,,,,,,,,,,,,
China Env Res,0.020,,,jan_01_2020,,,,,,,,,,,,,,,,,,,,,,,,,,,,,,,,
China Essence,0.014,,,jan_01_2020,,,,,,,,,,,,,,,,,,,,,,,,,,,,,,,,
China Fishery,0.076,,,jan_01_2020,,,,,,,,,,,,,,,,,,,,,,,,,,,,,,,,
China Gaoxian,0.003,,,jan_01_2020,,,,,,,,,,,,,,,,,,,,,,,,,,,,,,,,
China Great Land,0.005,,,jan_01_2020,,,,,,,,,,,,,,,,,,,,,,,,,,,,,,,,
China Haida,0.011,,,jan_01_2020,,,,,,,,,,,,,,,,,,,,,,,,,,,,,,,,
China Jishan,0.168,,,jan_01_2020,,,,,,,,,,,,,,,,,,,,,,,,,,,,,,,,
China Mining,0.102,,,jan_01_2020,,,,,,,,,,,,,,,,,,,,,,,,,,,,,,,,
China Paper,0.024,,,jan_01_2020,,,,,,,,,,,,,,,,,,,,,,,,,,,,,,,,
China Sky Chem,0.027,,,jan_01_2020,,,,,,,,,,,,,,,,,,,,,,,,,,,,,,,,
China Sports,0.011,,,jan_01_2020,,,,,,,,,,,,,,,,,,,,,,,,,,,,,,,,
China Taisan,0.028,,,jan_01_2020,,,,,,,,,,,,,,,,,,,,,,,,,,,,,,,,
China Yuanbang,0.350,,,jan_01_2020,,,,,,,,,,,,,,,,,,,,,,,,,,,,,,,,
ChinaKangdaFood,0.110,,,jan_01_2020,,,,,,,,,,,,,,,,,,,,,,,,,,,,,,,,
ChinaKundaTech,0.011,,,jan_01_2020,,,,,,,,,,,,,,,,,,,,,,,,,,,,,,,,
Chinese Global,0.010,,,jan_01_2020,,,,,,,,,,,,,,,,,,,,,,,,,,,,,,,,
Choo Chiang,0.250,,,jan_01_2020,,,,,,,,,,,,,,,,,,,,,,,,,,,,,,,,
Citicode,0.001,,,jan_01_2020,,,,,,,,,,,,,,,,,,,,,,,,,,,,,,,,
Civmec,0.370,,,jan_01_2020,,,,,,,,,,,,,,,,,,,,,,,,,,,,,,,,
CNA,0.026,,,jan_01_2020,,,,,,,,,,,,,,,,,,,,,,,,,,,,,,,,
Combine Will,1.080,,,jan_01_2020,,,,,,,,,,,,,,,,,,,,,,,,,,,,,,,,
Cordlife,0.465,,,jan_01_2020,,,,,,,,,,,,,,,,,,,,,,,,,,,,,,,,
Cortina,1.540,,,jan_01_2020,,,,,,,,,,,,,,,,,,,,,,,,,,,,,,,,
Courage Inv,0.020,,,jan_01_2020,,,,,,,,,,,,,,,,,,,,,,,,,,,,,,,,
Darco Water Tech,0.180,,,jan_01_2020,,,,,,,,,,,,,,,,,,,,,,,,,,,,,,,,
Datapulse Tech,0.210,,,jan_01_2020,,,,,,,,,,,,,,,,,,,,,,,,,,,,,,,,
Fabchem China,0.141,,,jan_01_2020,,,,,,,,,,,,,,,,,,,,,,,,,,,,,,,,
Falcon Energy,0.027,,,jan_01_2020,,,,,,,,,,,,,,,,,,,,,,,,,,,,,,,,
Debao Property,0.067,,,jan_01_2020,,,,,,,,,,,,,,,,,,,,,,,,,,,,,,,,
Del Monte Pac,0.137,,,jan_01_2020,,,,,,,,,,,,,,,,,,,,,,,,,,,,,,,,
Design Studio,0.090,,,jan_01_2020,,,,,,,,,,,,,,,,,,,,,,,,,,,,,,,,
DLF,0.185,,,jan_01_2020,,,,,,,,,,,,,,,,,,,,,,,,,,,,,,,,
Dragon,0.004,,,jan_01_2020,,,,,,,,,,,,,,,,,,,,,,,,,,,,,,,,
Dukang,0.055,,,jan_01_2020,,,,,,,,,,,,,,,,,,,,,,,,,,,,,,,,
Dynamic Colours,0.190,,,jan_01_2020,,,,,,,,,,,,,,,,,,,,,,,,,,,,,,,,
Eindec,0.023,,,jan_01_2020,,,,,,,,,,,,,,,,,,,,,,,,,,,,,,,,
EMAS Offshore,0.050,,,jan_01_2020,,,,,,,,,,,,,,,,,,,,,,,,,,,,,,,,
Envictus,0.112,,,jan_01_2020,,,,,,,,,,,,,,,,,,,,,,,,,,,,,,,,
Enviro-Hub,0.024,,,jan_01_2020,,,,,,,,,,,,,,,,,,,,,,,,,,,,,,,,
Epicentre,0.018,,,jan_01_2020,,,,,,,,,,,,,,,,,,,,,,,,,,,,,,,,
ES,0.020,,,jan_01_2020,,,,,,,,,,,,,,,,,,,,,,,,,,,,,,,,
ETC Singapore,0.020,,,jan_01_2020,,,,,,,,,,,,,,,,,,,,,,,,,,,,,,,,
EuroSports Gbl,0.180,,,jan_01_2020,,,,,,,,,,,,,,,,,,,,,,,,,,,,,,,,
Ezion,0.043,,,jan_01_2020,,,,,,,,,,,,,,,,,,,,,,,,,,,,,,,,
Ezra,0.011,,,jan_01_2020,,,,,,,,,,,,,,,,,,,,,,,,,,,,,,,,
Far East,0.124,,,jan_01_2020,,,,,,,,,,,,,,,,,,,,,,,,,,,,,,,,
Far East Orchard,1.190,,,jan_01_2020,,,,,,,,,,,,,,,,,,,,,,,,,,,,,,,,
Federal Int,0.198,,,jan_01_2020,,,,,,,,,,,,,,,,,,,,,,,,,,,,,,,,
Figtree,0.101,,,jan_01_2020,,,,,,,,,,,,,,,,,,,,,,,,,,,,,,,,
Forise Intl,0.003,,,jan_01_2020,,,,,,,,,,,,,,,,,,,,,,,,,,,,,,,,
FortressMinerals,0.235,,,jan_01_2020,,,,,,,,,,,,,,,,,,,,,,,,,,,,,,,,
Fujian Zhenyun,0.149,,,jan_01_2020,,,,,,,,,,,,,,,,,,,,,,,,,,,,,,,,
Full Apex,0.405,,,jan_01_2020,,,,,,,,,,,,,,,,,,,,,,,,,,,,,,,,
GDS Global,0.200,,,jan_01_2020,,,,,,,,,,,,,,,,,,,,,,,,,,,,,,,,
Global Palm Res,0.150,,,jan_01_2020,,,,,,,,,,,,,,,,,,,,,,,,,,,,,,,,
Golden Energy,0.157,,,jan_01_2020,,,,,,,,,,,,,,,,,,,,,,,,,,,,,,,,
Goodland,0.187,,,jan_01_2020,,,,,,,,,,,,,,,,,,,,,,,,,,,,,,,,
GP Industries,0.595,,,jan_01_2020,,,,,,,,,,,,,,,,,,,,,,,,,,,,,,,,
Green Build,0.035,,,jan_01_2020,,,,,,,,,,,,,,,,,,,,,,,,,,,,,,,,
GRP,0.195,,,jan_01_2020,,,,,,,,,,,,,,,,,,,,,,,,,,,,,,,,
Guoan Intl,0.007,,,jan_01_2020,,,,,,,,,,,,,,,,,,,,,,,,,,,,,,,,
Hafary,0.150,,,jan_01_2020,,,,,,,,,,,,,,,,,,,,,,,,,,,,,,,,
Hatten Land,0.090,,,jan_01_2020,,,,,,,,,,,,,,,,,,,,,,,,,,,,,,,,
HC Surgical,0.525,,,jan_01_2020,,,,,,,,,,,,,,,,,,,,,,,,,,,,,,,,
Heatec Jietong,0.039,,,jan_01_2020,,,,,,,,,,,,,,,,,,,,,,,,,,,,,,,,
Heeton,0.305,,,jan_01_2020,,,,,,,,,,,,,,,,,,,,,,,,,,,,,,,,
Intraco,0.285,,,jan_01_2020,,,,,,,,,,,,,,,,,,,,,,,,,,,,,,,,
IPS Securex,0.040,,,jan_01_2020,,,,,,,,,,,,,,,,,,,,,,,,,,,,,,,,
ISEC,0.355,,,jan_01_2020,,,,,,,,,,,,,,,,,,,,,,,,,,,,,,,,
Hengyang Petro,0.157,,,jan_01_2020,,,,,,,,,,,,,,,,,,,,,,,,,,,,,,,,
HG Metal,0.215,,,jan_01_2020,,,,,,,,,,,,,,,,,,,,,,,,,,,,,,,,
Hiap Tong,0.066,,,jan_01_2020,,,,,,,,,,,,,,,,,,,,,,,,,,,,,,,,
Hoe Leong,0.002,,,jan_01_2020,,,,,,,,,,,,,,,,,,,,,,,,,,,,,,,,
Hong Lai Huat,0.173,,,jan_01_2020,,,,,,,,,,,,,,,,,,,,,,,,,,,,,,,,
Hor Kew,0.235,,,jan_01_2020,,,,,,,,,,,,,,,,,,,,,,,,,,,,,,,,
Hosen,0.036,,,jan_01_2020,,,,,,,,,,,,,,,,,,,,,,,,,,,,,,,,
Hotel Grand,1.300,,,jan_01_2020,,,,,,,,,,,,,,,,,,,,,,,,,,,,,,,,
Hu An Cable,0.009,,,jan_01_2020,,,,,,,,,,,,,,,,,,,,,,,,,,,,,,,,
HuanHsin,0.014,,,jan_01_2020,,,,,,,,,,,,,,,,,,,,,,,,,,,,,,,,
Huationg Global,0.117,,,jan_01_2020,,,,,,,,,,,,,,,,,,,,,,,,,,,,,,,,
Hyphens Pharma,0.210,,,jan_01_2020,,,,,,,,,,,,,,,,,,,,,,,,,,,,,,,,
IHH,1.860,,,jan_01_2020,,,,,,,,,,,,,,,,,,,,,,,,,,,,,,,,
Imperium Crown,0.015,,,jan_01_2020,,,,,,,,,,,,,,,,,,,,,,,,,,,,,,,,
Inch Kenneth,﹣,,,jan_01_2020,,,,,,,,,,,,,,,,,,,,,,,,,,,,,,,,
Informatics,0.041,,,jan_01_2020,,,,,,,,,,,,,,,,,,,,,,,,,,,,,,,,
InnoPac,0.002,,,jan_01_2020,,,,,,,,,,,,,,,,,,,,,,,,,,,,,,,,
ISOTeam,0.240,,,jan_01_2020,,,,,,,,,,,,,,,,,,,,,,,,,,,,,,,,
Jackspeed,0.130,,,jan_01_2020,,,,,,,,,,,,,,,,,,,,,,,,,,,,,,,,
Japan Foods,0.500,,,jan_01_2020,,,,,,,,,,,,,,,,,,,,,,,,,,,,,,,,
Jason Marine,0.123,,,jan_01_2020,,,,,,,,,,,,,,,,,,,,,,,,,,,,,,,,
Jasper Inv,0.004,,,jan_01_2020,,,,,,,,,,,,,,,,,,,,,,,,,,,,,,,,
Jawala,0.240,,,jan_01_2020,,,,,,,,,,,,,,,,,,,,,,,,,,,,,,,,
JB Foods,0.630,,,jan_01_2020,,,,,,,,,,,,,,,,,,,,,,,,,,,,,,,,
JES Intl,0.026,,,jan_01_2020,,,,,,,,,,,,,,,,,,,,,,,,,,,,,,,,
Joyas Intl,0.001,,,jan_01_2020,,,,,,,,,,,,,,,,,,,,,,,,,,,,,,,,
Jubilee,0.104,,,jan_01_2020,,,,,,,,,,,,,,,,,,,,,,,,,,,,,,,,
Karin Tech,0.325,,,jan_01_2020,,,,,,,,,,,,,,,,,,,,,,,,,,,,,,,,
Kencana Agri,0.120,,,jan_01_2020,,,,,,,,,,,,,,,,,,,,,,,,,,,,,,,,
Khong Guan,1.850,,,jan_01_2020,,,,,,,,,,,,,,,,,,,,,,,,,,,,,,,,
Kimly,0.245,,,jan_01_2020,,,,,,,,,,,,,,,,,,,,,,,,,,,,,,,,
Kitchen Culture,0.081,,,jan_01_2020,,,,,,,,,,,,,,,,,,,,,,,,,,,,,,,,
Koda,0.590,,,jan_01_2020,,,,,,,,,,,,,,,,,,,,,,,,,,,,,,,,
Koon,0.042,,,jan_01_2020,,,,,,,,,,,,,,,,,,,,,,,,,,,,,,,,
KOP,0.056,,,jan_01_2020,,,,,,,,,,,,,,,,,,,,,,,,,,,,,,,,
Kori,0.280,,,jan_01_2020,,,,,,,,,,,,,,,,,,,,,,,,,,,,,,,,
Koyo Intl,0.067,,,jan_01_2020,,,,,,,,,,,,,,,,,,,,,,,,,,,,,,,,
KrisEnergy,0.030,,,jan_01_2020,,,,,,,,,,,,,,,,,,,,,,,,,,,,,,,,
M Development,0.002,,,jan_01_2020,,,,,,,,,,,,,,,,,,,,,,,,,,,,,,,,
Magnus Energy,0.001,,,jan_01_2020,,,,,,,,,,,,,,,,,,,,,,,,,,,,,,,,
Manhattan Res,0.067,,,jan_01_2020,,,,,,,,,,,,,,,,,,,,,,,,,,,,,,,,
Maruwa Yen1k,﹣,,,jan_01_2020,,,,,,,,,,,,,,,,,,,,,,,,,,,,,,,,
Mary Chia,0.075,,,jan_01_2020,,,,,,,,,,,,,,,,,,,,,,,,,,,,,,,,
KSH,0.450,,,jan_01_2020,,,,,,,,,,,,,,,,,,,,,,,,,,,,,,,,
KTL Global,0.045,,,jan_01_2020,,,,,,,,,,,,,,,,,,,,,,,,,,,,,,,,
KTMG,0.120,,,jan_01_2020,,,,,,,,,,,,,,,,,,,,,,,,,,,,,,,,
Lafe,0.650,,,jan_01_2020,,,,,,,,,,,,,,,,,,,,,,,,,,,,,,,,
Lasseters Intl,0.035,,,jan_01_2020,,,,,,,,,,,,,,,,,,,,,,,,,,,,,,,,
LCT,0.420,,,jan_01_2020,,,,,,,,,,,,,,,,,,,,,,,,,,,,,,,,
Leader Env,0.019,,,jan_01_2020,,,,,,,,,,,,,,,,,,,,,,,,,,,,,,,,
LHT,0.520,,,jan_01_2020,,,,,,,,,,,,,,,,,,,,,,,,,,,,,,,,
Libra,0.035,,,jan_01_2020,,,,,,,,,,,,,,,,,,,,,,,,,,,,,,,,
Linc Energy,0.089,,,jan_01_2020,,,,,,,,,,,,,,,,,,,,,,,,,,,,,,,,
Lonza,79.970,,,jan_01_2020,,,,,,,,,,,,,,,,,,,,,,,,,,,,,,,,
Lorenzo Intl,0.016,,,jan_01_2020,,,,,,,,,,,,,,,,,,,,,,,,,,,,,,,,
Lung Kee Bermuda,0.450,,,jan_01_2020,,,,,,,,,,,,,,,,,,,,,,,,,,,,,,,,
Luxking,0.380,,,jan_01_2020,,,,,,,,,,,,,,,,,,,,,,,,,,,,,,,,
Luzhou Bio-Chem,0.012,,,jan_01_2020,,,,,,,,,,,,,,,,,,,,,,,,,,,,,,,,
Matex Intl,0.013,,,jan_01_2020,,,,,,,,,,,,,,,,,,,,,,,,,,,,,,,,
MegaChem,0.300,,,jan_01_2020,,,,,,,,,,,,,,,,,,,,,,,,,,,,,,,,
MeGroup,0.220,,,jan_01_2020,,,,,,,,,,,,,,,,,,,,,,,,,,,,,,,,
Memories,0.095,,,jan_01_2020,,,,,,,,,,,,,,,,,,,,,,,,,,,,,,,,
Memstar Tech,0.001,,,jan_01_2020,,,,,,,,,,,,,,,,,,,,,,,,,,,,,,,,
Mencast,0.088,,,jan_01_2020,,,,,,,,,,,,,,,,,,,,,,,,,,,,,,,,
Metech Intl,0.110,,,jan_01_2020,,,,,,,,,,,,,,,,,,,,,,,,,,,,,,,,
Mewah Intl,0.240,,,jan_01_2020,,,,,,,,,,,,,,,,,,,,,,,,,,,,,,,,
Midas,0.192,,,jan_01_2020,,,,,,,,,,,,,,,,,,,,,,,,,,,,,,,,
Mirach Energy,0.132,,,jan_01_2020,,,,,,,,,,,,,,,,,,,,,,,,,,,,,,,,
Miyoshi,0.037,,,jan_01_2020,,,,,,,,,,,,,,,,,,,,,,,,,,,,,,,,
MMP Resources,0.004,,,jan_01_2020,,,,,,,,,,,,,,,,,,,,,,,,,,,,,,,,
MoneyMax Fin,0.157,,,jan_01_2020,,,,,,,,,,,,,,,,,,,,,,,,,,,,,,,,
MS Hldgs,0.050,,,jan_01_2020,,,,,,,,,,,,,,,,,,,,,,,,,,,,,,,,
MSC,0.280,,,jan_01_2020,,,,,,,,,,,,,,,,,,,,,,,,,,,,,,,,
MSM Intl,0.035,,,jan_01_2020,,,,,,,,,,,,,,,,,,,,,,,,,,,,,,,,
MTQ,0.250,,,jan_01_2020,,,,,,,,,,,,,,,,,,,,,,,,,,,,,,,,
Multi-Chem,0.780,,,jan_01_2020,,,,,,,,,,,,,,,,,,,,,,,,,,,,,,,,
Mun Siong Engg,0.039,,,jan_01_2020,,,,,,,,,,,,,,,,,,,,,,,,,,,,,,,,
Murata Yen1k,﹣,,,jan_01_2020,,,,,,,,,,,,,,,,,,,,,,,,,,,,,,,,
OKH Global,0.017,,,jan_01_2020,,,,,,,,,,,,,,,,,,,,,,,,,,,,,,,,
OKP,0.205,,,jan_01_2020,,,,,,,,,,,,,,,,,,,,,,,,,,,,,,,,
Old Chang Kee,0.745,,,jan_01_2020,,,,,,,,,,,,,,,,,,,,,,,,,,,,,,,,
OneApex,0.190,,,jan_01_2020,,,,,,,,,,,,,,,,,,,,,,,,,,,,,,,,
Ouhua Energy,0.009,,,jan_01_2020,,,,,,,,,,,,,,,,,,,,,,,,,,,,,,,,
Pacific Andes,0.022,,,jan_01_2020,,,,,,,,,,,,,,,,,,,,,,,,,,,,,,,,
MYP,0.102,,,jan_01_2020,,,,,,,,,,,,,,,,,,,,,,,,,,,,,,,,
Natural Cool,0.070,,,jan_01_2020,,,,,,,,,,,,,,,,,,,,,,,,,,,,,,,,
NauticAWT,0.010,,,jan_01_2020,,,,,,,,,,,,,,,,,,,,,,,,,,,,,,,,
Neo,0.420,,,jan_01_2020,,,,,,,,,,,,,,,,,,,,,,,,,,,,,,,,
NeraTel,0.280,,,jan_01_2020,,,,,,,,,,,,,,,,,,,,,,,,,,,,,,,,
Net Pacific Fin,0.021,,,jan_01_2020,,,,,,,,,,,,,,,,,,,,,,,,,,,,,,,,
New Silkroutes,0.225,,,jan_01_2020,,,,,,,,,,,,,,,,,,,,,,,,,,,,,,,,
New Toyo,0.156,,,jan_01_2020,,,,,,,,,,,,,,,,,,,,,,,,,,,,,,,,
NGSC,0.001,,,jan_01_2020,,,,,,,,,,,,,,,,,,,,,,,,,,,,,,,,
Nico Steel,0.004,,,jan_01_2020,,,,,,,,,,,,,,,,,,,,,,,,,,,,,,,,
Noble,0.081,,,jan_01_2020,,,,,,,,,,,,,,,,,,,,,,,,,,,,,,,,
Nomura Yen1k,1.990,,,jan_01_2020,,,,,,,,,,,,,,,,,,,,,,,,,,,,,,,,
NSL,0.940,,,jan_01_2020,,,,,,,,,,,,,,,,,,,,,,,,,,,,,,,,
NutryFarm,0.084,,,jan_01_2020,,,,,,,,,,,,,,,,,,,,,,,,,,,,,,,,
Ocean Sky Intl,0.050,,,jan_01_2020,,,,,,,,,,,,,,,,,,,,,,,,,,,,,,,,
Pacific Radiance,0.104,,,jan_01_2020,,,,,,,,,,,,,,,,,,,,,,,,,,,,,,,,
Pacific Star Dev,0.105,,,jan_01_2020,,,,,,,,,,,,,,,,,,,,,,,,,,,,,,,,
Pan Asian,0.022,,,jan_01_2020,,,,,,,,,,,,,,,,,,,,,,,,,,,,,,,,
Pan Ocean,5.080,,,jan_01_2020,,,,,,,,,,,,,,,,,,,,,,,,,,,,,,,,
PanUnited,0.360,,,jan_01_2020,,,,,,,,,,,,,,,,,,,,,,,,,,,,,,,,
Parkson Retail,0.008,,,jan_01_2020,,,,,,,,,,,,,,,,,,,,,,,,,,,,,,,,
Pharmesis Intl,0.215,,,jan_01_2020,,,,,,,,,,,,,,,,,,,,,,,,,,,,,,,,
Pine Cap,0.001,,,jan_01_2020,,,,,,,,,,,,,,,,,,,,,,,,,,,,,,,,
Plastoform,0.013,,,jan_01_2020,,,,,,,,,,,,,,,,,,,,,,,,,,,,,,,,
Plato Capital,0.048,,,jan_01_2020,,,,,,,,,,,,,,,,,,,,,,,,,,,,,,,,
Pollux Prop,0.030,,,jan_01_2020,,,,,,,,,,,,,,,,,,,,,,,,,,,,,,,,
Prudential USD,16.000,,,jan_01_2020,,,,,,,,,,,,,,,,,,,,,,,,,,,,,,,,
PSL,0.086,,,jan_01_2020,,,,,,,,,,,,,,,,,,,,,,,,,,,,,,,,
Qian Hu,0.126,,,jan_01_2020,,,,,,,,,,,,,,,,,,,,,,,,,,,,,,,,
Raffles Infrastructure,0.270,,,jan_01_2020,,,,,,,,,,,,,,,,,,,,,,,,,,,,,,,,
RE&S Hldg,0.159,,,jan_01_2020,,,,,,,,,,,,,,,,,,,,,,,,,,,,,,,,
Reclaims Global,0.310,,,jan_01_2020,,,,,,,,,,,,,,,,,,,,,,,,,,,,,,,,
Reenova Investment,0.003,,,jan_01_2020,,,,,,,,,,,,,,,,,,,,,,,,,,,,,,,,
Renewable Energy,0.022,,,jan_01_2020,,,,,,,,,,,,,,,,,,,,,,,,,,,,,,,,
Resources Prima,0.026,,,jan_01_2020,,,,,,,,,,,,,,,,,,,,,,,,,,,,,,,,
Shopper360,0.128,,,jan_01_2020,,,,,,,,,,,,,,,,,,,,,,,,,,,,,,,,
Silkroad Nickel,0.295,,,jan_01_2020,,,,,,,,,,,,,,,,,,,,,,,,,,,,,,,,
Sim Leisure,0.220,,,jan_01_2020,,,,,,,,,,,,,,,,,,,,,,,,,,,,,,,,
Sin Ghee Huat,0.220,,,jan_01_2020,,,,,,,,,,,,,,,,,,,,,,,,,,,,,,,,
Sin Heng Mach,0.260,,,jan_01_2020,,,,,,,,,,,,,,,,,,,,,,,,,,,,,,,,
Sincap,0.006,,,jan_01_2020,,,,,,,,,,,,,,,,,,,,,,,,,,,,,,,,
SingaporeKitchen,0.110,,,jan_01_2020,,,,,,,,,,,,,,,,,,,,,,,,,,,,,,,,
Revez,0.185,,,jan_01_2020,,,,,,,,,,,,,,,,,,,,,,,,,,,,,,,,
RH PetroGas,0.031,,,jan_01_2020,,,,,,,,,,,,,,,,,,,,,,,,,,,,,,,,
Rich Capital,0.003,,,jan_01_2020,,,,,,,,,,,,,,,,,,,,,,,,,,,,,,,,
Ryobi Kiso,0.130,,,jan_01_2020,,,,,,,,,,,,,,,,,,,,,,,,,,,,,,,,
Sakae,0.070,,,jan_01_2020,,,,,,,,,,,,,,,,,,,,,,,,,,,,,,,,
Samko Timber,0.019,,,jan_01_2020,,,,,,,,,,,,,,,,,,,,,,,,,,,,,,,,
Samurai,0.800,,,jan_01_2020,,,,,,,,,,,,,,,,,,,,,,,,,,,,,,,,
Sapphire,0.057,,,jan_01_2020,,,,,,,,,,,,,,,,,,,,,,,,,,,,,,,,
SBI Offshore,0.048,,,jan_01_2020,,,,,,,,,,,,,,,,,,,,,,,,,,,,,,,,
Secura,0.051,,,jan_01_2020,,,,,,,,,,,,,,,,,,,,,,,,,,,,,,,,
Serrano,0.031,,,jan_01_2020,,,,,,,,,,,,,,,,,,,,,,,,,,,,,,,,
Shanghai Turbo,1.000,,,jan_01_2020,,,,,,,,,,,,,,,,,,,,,,,,,,,,,,,,
Shangri-La HKD,8.310,,,jan_01_2020,,,,,,,,,,,,,,,,,,,,,,,,,,,,,,,,
SingHoldings,0.395,,,jan_01_2020,,,,,,,,,,,,,,,,,,,,,,,,,,,,,,,,
SingMyanmar,0.050,,,jan_01_2020,,,,,,,,,,,,,,,,,,,,,,,,,,,,,,,,
SingShipping,0.290,,,jan_01_2020,,,,,,,,,,,,,,,,,,,,,,,,,,,,,,,,
Sinjia Land,0.023,,,jan_01_2020,,,,,,,,,,,,,,,,,,,,,,,,,,,,,,,,
Sino Techfibre,0.090,,,jan_01_2020,,,,,,,,,,,,,,,,,,,,,,,,,,,,,,,,
SinoCloud,0.001,,,jan_01_2020,,,,,,,,,,,,,,,,,,,,,,,,,,,,,,,,
Sinopipe,0.130,,,jan_01_2020,,,,,,,,,,,,,,,,,,,,,,,,,,,,,,,,
Sitra,0.011,,,jan_01_2020,,,,,,,,,,,,,,,,,,,,,,,,,,,,,,,,
SLB Dev,0.122,,,jan_01_2020,,,,,,,,,,,,,,,,,,,,,,,,,,,,,,,,
Soilbuild Const,0.058,,,jan_01_2020,,,,,,,,,,,,,,,,,,,,,,,,,,,,,,,,
Southern Pkg,0.380,,,jan_01_2020,,,,,,,,,,,,,,,,,,,,,,,,,,,,,,,,
SP Corp,0.505,,,jan_01_2020,,,,,,,,,,,,,,,,,,,,,,,,,,,,,,,,
Sri Trang Agro,0.435,,,jan_01_2020,,,,,,,,,,,,,,,,,,,,,,,,,,,,,,,,
Stamford Tyres,0.240,,,jan_01_2020,,,,,,,,,,,,,,,,,,,,,,,,,,,,,,,,
Starburst,0.365,,,jan_01_2020,,,,,,,,,,,,,,,,,,,,,,,,,,,,,,,,
Starland,0.116,,,jan_01_2020,,,,,,,,,,,,,,,,,,,,,,,,,,,,,,,,
StratechGroup,0.066,,,jan_01_2020,,,,,,,,,,,,,,,,,,,,,,,,,,,,,,,,
Suntar Eco-City,0.255,,,jan_01_2020,,,,,,,,,,,,,,,,,,,,,,,,,,,,,,,,
SunVic Chemical,0.022,,,jan_01_2020,,,,,,,,,,,,,,,,,,,,,,,,,,,,,,,,
Swee Hong,0.003,,,jan_01_2020,,,,,,,,,,,,,,,,,,,,,,,,,,,,,,,,
Travelite,0.129,,,jan_01_2020,,,,,,,,,,,,,,,,,,,,,,,,,,,,,,,,
Trek 2000 Intl,0.069,,,jan_01_2020,,,,,,,,,,,,,,,,,,,,,,,,,,,,,,,,
Triyards,0.084,,,jan_01_2020,,,,,,,,,,,,,,,,,,,,,,,,,,,,,,,,
TSH,0.172,,,jan_01_2020,,,,,,,,,,,,,,,,,,,,,,,,,,,,,,,,
TT Intl,0.014,,,jan_01_2020,,,,,,,,,,,,,,,,,,,,,,,,,,,,,,,,
TTJ,0.188,,,jan_01_2020,,,,,,,,,,,,,,,,,,,,,,,,,,,,,,,,
Tye Soon,0.105,,,jan_01_2020,,,,,,,,,,,,,,,,,,,,,,,,,,,,,,,,
UG Healthcare,0.140,,,jan_01_2020,,,,,,,,,,,,,,,,,,,,,,,,,,,,,,,,
Swiber,0.109,,,jan_01_2020,,,,,,,,,,,,,,,,,,,,,,,,,,,,,,,,
Swing Media Tech,0.460,,,jan_01_2020,,,,,,,,,,,,,,,,,,,,,,,,,,,,,,,,
Swissco Hldg,0.052,,,jan_01_2020,,,,,,,,,,,,,,,,,,,,,,,,,,,,,,,,
TA,0.153,,,jan_01_2020,,,,,,,,,,,,,,,,,,,,,,,,,,,,,,,,
Tat Seng Pkg,0.505,,,jan_01_2020,,,,,,,,,,,,,,,,,,,,,,,,,,,,,,,,
TCIL HK$,2.110,,,jan_01_2020,,,,,,,,,,,,,,,,,,,,,,,,,,,,,,,,
Tech Oil & Gas,0.071,,,jan_01_2020,,,,,,,,,,,,,,,,,,,,,,,,,,,,,,,,
Teho Intl,0.015,,,jan_01_2020,,,,,,,,,,,,,,,,,,,,,,,,,,,,,,,,
TheHourGlass,0.810,,,jan_01_2020,,,,,,,,,,,,,,,,,,,,,,,,,,,,,,,,
TIH,0.225,,,jan_01_2020,,,,,,,,,,,,,,,,,,,,,,,,,,,,,,,,
Top Global,0.183,,,jan_01_2020,,,,,,,,,,,,,,,,,,,,,,,,,,,,,,,,
Tosei,9.500,,,jan_01_2020,,,,,,,,,,,,,,,,,,,,,,,,,,,,,,,,
Transcorp,0.005,,,jan_01_2020,,,,,,,,,,,,,,,,,,,,,,,,,,,,,,,,
Union Steel,0.350,,,jan_01_2020,,,,,,,,,,,,,,,,,,,,,,,,,,,,,,,,
United Food,0.047,,,jan_01_2020,,,,,,,,,,,,,,,,,,,,,,,,,,,,,,,,
United Global,0.490,,,jan_01_2020,,,,,,,,,,,,,,,,,,,,,,,,,,,,,,,,
Universal Res,0.170,,,jan_01_2020,,,,,,,,,,,,,,,,,,,,,,,,,,,,,,,,
UOA,0.785,,,jan_01_2020,,,,,,,,,,,,,,,,,,,,,,,,,,,,,,,,
USP Group,0.069,,,jan_01_2020,,,,,,,,,,,,,,,,,,,,,,,,,,,,,,,,
Vallianz,0.102,,,jan_01_2020,,,,,,,,,,,,,,,,,,,,,,,,,,,,,,,,
ValueMax,0.320,,,jan_01_2020,,,,,,,,,,,,,,,,,,,,,,,,,,,,,,,,
Versalink,0.149,,,jan_01_2020,,,,,,,,,,,,,,,,,,,,,,,,,,,,,,,,
Vibrant Group,0.128,,,jan_01_2020,,,,,,,,,,,,,,,,,,,,,,,,,,,,,,,,
Wee Hur,0.220,,,jan_01_2020,,,,,,,,,,,,,,,,,,,,,,,,,,,,,,,,
Willas-Array,0.460,,,jan_01_2020,,,,,,,,,,,,,,,,,,,,,,,,,,,,,,,,
Wilton Resources,0.025,,,jan_01_2020,,,,,,,,,,,,,,,,,,,,,,,,,,,,,,,,
Wong Fong Ind,0.150,,,jan_01_2020,,,,,,,,,,,,,,,,,,,,,,,,,,,,,,,,
World Class Gbl,0.140,,,jan_01_2020,,,,,,,,,,,,,,,,,,,,,,,,,,,,,,,,
World Precision,0.200,,,jan_01_2020,,,,,,,,,,,,,,,,,,,,,,,,,,,,,,,,
XMH,0.142,,,jan_01_2020,,,,,,,,,,,,,,,,,,,,,,,,,,,,,,,,
Yamada Green Res,0.330,,,jan_01_2020,,,,,,,,,,,,,,,,,,,,,,,,,,,,,,,,
YHI Intl,0.345,,,jan_01_2020,,,,,,,,,,,,,,,,,,,,,,,,,,,,,,,,
Yinda Infocomm,0.011,,,jan_01_2020,,,,,,,,,,,,,,,,,,,,,,,,,,,,,,,,
Yongmao,0.910,,,jan_01_2020,,,,,,,,,,,,,,,,,,,,,,,,,,,,,,,,
Yorkshine,0.480,,,jan_01_2020,,,,,,,,,,,,,,,,,,,,,,,,,,,,,,,,
Yunnan Energy,0.159,,,jan_01_2020,,,,,,,,,,,,,,,,,,,,,,,,,,,,,,,,
YuuZoo Networks,0.038,,,jan_01_2020,,,,,,,,,,,,,,,,,,,,,,,,,,,,,,,,
YZJ Shipbldg CNY,5.280,,,jan_01_2020,,,,,,,,,,,,,,,,,,,,,,,,,,,,,,,,
Zhongmin Baihui,0.740,,,jan_01_2020,,,,,,,,,,,,,,,,,,,,,,,,,,,,,,,,
Zhongxin Fruit,0.004,,,jan_01_2020,,,,,,,,,,,,,,,,,,,,,,,,,,,,,,,,
ZICO Hldgs,0.143,,,jan_01_2020,,,,,,,,,,,,,,,,,,,,,,,,,,,,,,,,
