symbol,company,price,change,percen_change,volume,date_updated,market_cap,sector,industry,pe_ratio,forward_pe,one_yr_tar,eps,day_high_low,div,yield,ex_div_date,div_pay_date,fifty_day_vol,year_high_low,beta
SSNLF,ssnlf,--,--,--,--,01/05/2020,,,,,,,,,,,,,,,
MSFT,Microsoft Corporation Common Stock,$176.25,-2.96,1.65%,"173,108",01/05/2020,"1,363,079,684,662",Technology,Computer Software: Prepackaged Software,29.87,32.29,$196.50,$6.00,$180.40/$176.23,$2.04,1.15%,"May 20, 2020","Jun 11, 2020",,$190.70/$119.01,1
AAPL,Apple Inc. Common Stock,$287.02,-6.78,2.31%,"280,765",01/05/2020,"1,285,516,024,000",Technology,Computer Manufacturing,23.04,24.63,$315.00,$12.75,$294.53/$288.35,$3.08,1.07%,"Feb 7, 2020","Feb 13, 2020",,$327.85/$170.27,1
AMZN,"Amazon.com, Inc. Common Stock",$2364.15,-109.85,4.44%,"76,419",01/05/2020,"1,233,350,906,902",Consumer Services,Catalog/Specialty Distribution,118.2,88.26,"$2,450.00",$20.93,"$2,475.00/$2,396.01",N/A,N/A,N/A,N/A,,"$2,475.00/$1,626.03",1
GOOGL,Alphabet Inc. Class A Common Stock,$1324.05,-22.65,1.68%,970,01/05/2020,"921,105,982,569",Technology,"Computer Software: Programming, Data Processing",27.18,33.06,"$1,475.00",$49.55,"$1,350.00/$1,321.50",N/A,N/A,N/A,N/A,,"$1,530.74/$1,008.87",1
FB,"Facebook, Inc. Class A Common Stock",$201.56,-3.15,1.54%,"99,665",01/05/2020,"583,583,849,343",Technology,"Computer Software: Programming, Data Processing",28.04,28.43,$230.00,$7.30,$209.69/$201.57,N/A,N/A,N/A,N/A,,$224.20/$137.10,1
BABA,Alibaba Group Holding Limited American Depositary Shares each representing eight Ordinary share,$195.45,-7.22,3.56%,"140,380",01/05/2020,"543,707,477,098",Miscellaneous,Business Services,21.79,34.47,$250.00,$9.30,$206.70/$199.29,N/A,N/A,N/A,N/A,,$231.14/$147.95,1
TCEHY,Tencent Holdings Ltd. ADR,$52.62,-1.43,2.65%,"3,097,779",01/05/2020,N/A,N/A,N/A,N/A,N/A,N/A,N/A,$53.97/$52.35,N/A,N/A,N/A,N/A,,N/A,
BRK/A,Berkshire Hathaway Inc.,$214748.3647,-70000.6353,24.58%,486,01/05/2020,N/A,N/A,N/A,N/A,N/A,N/A,N/A,"$214,748.36/$214,748.36",N/A,N/A,N/A,N/A,,N/A,
BRK/B,Berkshire Hathaway Inc.,$184.58,-2.78,1.48%,"6,067",01/05/2020,N/A,N/A,N/A,N/A,N/A,N/A,N/A,$189.87/$186.71,N/A,N/A,N/A,N/A,,N/A,
V,Visa Inc.,$175.00,-3.72,2.08%,"54,712",01/05/2020,"396,024,613,569",Miscellaneous,Business Services,32.2,34.04,$190.00,$5.55,$181.83/$177.66,$1.20,0.66%,"May 13, 2020","Jun 2, 2020",,$214.17/$133.93,1
JNJ,Johnson & Johnson Common Stock,$149.10,-0.94,0.63%,"86,041",01/05/2020,"395,558,291,440",Health Care,Major Pharmaceuticals,19.85,19.54,$165.00,$7.56,$150.43/$147.16,$4.04,2.53%,"May 22, 2020","Jun 9, 2020",,$157.00/$109.16,1
WMT,Walmart Inc. Common Stock,$120.99,-0.56,0.46%,"13,150",01/05/2020,"344,436,466,188",Consumer Services,Department/Specialty Retail Stores,23.42,23.83,$133.50,$5.19,$123.44/$121.04,$2.16,1.75%,"May 7, 2020","Jun 1, 2020",,$133.38/$98.85,1
NSRGY,Nestle SA ADR (Sponsored) Reg Shs Ser B,$105.10,-0.41,0.39%,"1,533,744",01/05/2020,N/A,N/A,N/A,N/A,N/A,N/A,N/A,$106.84/$104.70,N/A,N/A,N/A,N/A,,N/A,
NSRGF,Nestle S.A Reg Ord,$104.80,-1.075,1.02%,"307,642",01/05/2020,N/A,N/A,N/A,N/A,N/A,N/A,N/A,$107.05/$104.20,N/A,N/A,N/A,N/A,,N/A,
RHHVF,Roche Holding Div Rts,$345.22,-3.05,0.88%,"21,473",01/05/2020,N/A,N/A,N/A,N/A,N/A,N/A,N/A,$352.45/$345.22,N/A,N/A,N/A,N/A,,N/A,
RHHBY,Roche Holding Ltd ADR (Sponsored),$43.47,-0.31,0.71%,"6,258,019",01/05/2020,N/A,N/A,N/A,N/A,N/A,N/A,N/A,$43.95/$43.27,N/A,N/A,N/A,N/A,,N/A,
JPM,JP Morgan Chase & Co. Common Stock,$93.10,-2.66,2.78%,"57,251",01/05/2020,"291,736,390,302",Finance,Major Banks,10.82,18.70,$101.00,$8.85,$96.84/$94.55,$3.60,3.68%,"Apr 3, 2020","Apr 30, 2020",,$141.10/$76.91,1
PG,Procter & Gamble Company (The) Common Stock,$116.70,-1.17,0.99%,"1,059",01/05/2020,"291,803,994,794",Basic Industries,Package Goods/Cosmetics,66.59,23.81,$133.00,$1.77,$118.28/$115.66,$3.163,2.7%,"Apr 23, 2020","May 15, 2020",,$128.09/$94.34,1
UNH,UnitedHealth Group Incorporated Common Stock (DE),$287.44,-5.03,1.72%,299,01/05/2020,"277,093,727,845",Health Care,Medical Specialities,20.47,17.99,$322.50,$14.29,$295.00/$285.52,$4.32,1.5%,"Mar 13, 2020","Mar 24, 2020",,$306.71/$187.72,1
MA,Mastercard Incorporated Common Stock,$269.00,-5.97,2.17%,"5,446",01/05/2020,"276,374,811,831",Miscellaneous,Business Services,35.16,38.67,$300.00,$7.82,$281.63/$273.41,$1.60,0.56%,"Apr 8, 2020","May 8, 2020",,$347.25/$199.99,1
TSM,Taiwan Semiconductor Manufacturing Company Ltd.,$52.60,-0.53,1.00%,"1,868",01/05/2020,"275,536,222,715",Technology,Semiconductors,21.17,19.04,$57.00,$2.51,$54.41/$52.96,$1.314,2.42%,"Jun 18, 2020","Jul 16, 2020",,$60.64/$37.18,1
INTC,Intel Corporation Common Stock,$58.91,-1.07,1.78%,"20,543",01/05/2020,"253,955,320,000",Technology,Semiconductors,11.62,12.44,$60.00,$5.16,$61.54/$59.75,$1.32,2.14%,"May 6, 2020","Jun 1, 2020",,$69.29/$42.86,1
IDCBF,Industrial & Coml Bk H Sh,$0.6932,-0.0168,2.37%,"1,174",01/05/2020,N/A,N/A,N/A,N/A,N/A,N/A,N/A,$0.69/$0.69,N/A,N/A,N/A,N/A,,N/A,
VZ,Verizon Communications Inc. Common Stock,$57.47,+0.02,0.03%,"9,514",01/05/2020,"237,727,836,017",Public Utilities,Telecommunications Equipment,12.97,12.04,$61.00,$4.43,$57.96/$57.21,$2.46,4.23%,"Apr 9, 2020","May 1, 2020",,$62.22/$48.84,1
IDCBY,Industrial and Commercial Bank of China Ltd ADR,$13.29,-0.43,3.13%,"42,654",01/05/2020,N/A,N/A,N/A,N/A,N/A,N/A,N/A,$13.67/$13.25,N/A,N/A,N/A,N/A,,N/A,
HD,"Home Depot, Inc. (The) Common Stock",$216.00,-3.83,1.74%,"7,111",01/05/2020,"236,122,951,496",Consumer Services,RETAIL: Building Materials,21.45,22.30,$228.00,$10.25,$222.11/$216.52,$6.00,2.7%,"Mar 11, 2020","Mar 26, 2020",,$247.36/$140.63,1
T,AT&T Inc.,$30.50,+0.03,0.10%,"53,595",01/05/2020,"217,098,750,000",Public Utilities,Telecommunications Equipment,15.47,9.26,$36.00,$1.97,$31.05/$30.28,$2.08,6.62%,"Apr 8, 2020","May 1, 2020",,$39.70/$26.08,1
PFE,"Pfizer, Inc. Common Stock",$37.81,-0.55,1.43%,"14,200",01/05/2020,"212,807,432,232",Health Care,Major Pharmaceuticals,13.7,13.70,$38.50,$2.80,$38.51/$37.36,$1.52,3.99%,"May 7, 2020","Jun 5, 2020",,$44.56/$27.88,1
BAC,Bank of America Corporation Common Stock,$23.35,-0.70,2.91%,"108,622",01/05/2020,"208,645,472,812",Finance,Major Banks,9.86,16.25,$27.00,$2.44,$24.38/$23.85,$0.72,2.91%,"Jun 4, 2020","Jun 26, 2020",,$35.72/$17.95,1
KO,Coca-Cola Company (The) Common Stock,$45.4298,-0.4602,1.00%,"26,512",01/05/2020,"197,092,564,189",Consumer Non-Durables,Beverages (Production/Distribution),19.78,24.54,$52.00,$2.32,$47.00/$45.70,$1.64,3.48%,"Jun 12, 2020","Jul 1, 2020",,$60.13/$36.27,1
MRK,"Merck & Company, Inc. Common Stock (new)",$78.58,-0.76,0.96%,"5,204",01/05/2020,"200,340,379,651",Health Care,Major Pharmaceuticals,20.09,14.86,$93.00,$3.95,$80.40/$79.14,$2.44,3.02%,"Mar 13, 2020","Apr 7, 2020",,$92.64/$65.25,1
XOM,Exxon Mobil Corporation Common Stock,$45.81,-0.66,1.42%,"85,589",01/05/2020,"196,588,100,595",Energy,Integrated oil Companies,13.83,-47.91,$46.00,$3.36,$47.68/$45.77,$3.48,7.33%,"May 12, 2020","Jun 10, 2020",,$80.26/$30.11,1
DIS,Walt Disney Company (The) Common Stock,$106.35,-1.80,1.66%,"48,149",01/05/2020,"195,258,189,240",Consumer Services,Services-Misc. Amusement & Recreation,17.28,38.08,$132.50,$6.26,$110.31/$106.86,$1.76,1.57%,"Dec 13, 2019","Jan 16, 2020",,$153.41/$79.07,1
NVS,Novartis AG Common Stock,$84.01,-0.72,0.85%,203,01/05/2020,"193,919,700,243",Health Care,Major Pharmaceuticals,16.17,14.89,$103.00,$5.24,$85.94/$84.59,$2.007,2.34%,"Mar 3, 2020","Mar 12, 2020",,$99.84/$69.18,1
LVMUY,LVMH Moet Hennessy Louis Vuitton ADR,$76.98,-1.52,1.94%,"182,553",01/05/2020,N/A,N/A,N/A,N/A,N/A,N/A,N/A,$77.81/$76.19,N/A,N/A,N/A,N/A,,N/A,
CICHF,China Construction Bank Corp,$0.765,--,--,0,01/05/2020,N/A,N/A,N/A,N/A,N/A,N/A,N/A,N/A,N/A,N/A,N/A,N/A,,N/A,
PIAIF,Ping An Insurance (Group) Co of China Ltd.,$10.14,-0.207,2%,"2,614",01/05/2020,N/A,N/A,N/A,N/A,N/A,N/A,N/A,$10.25/$10.14,N/A,N/A,N/A,N/A,,N/A,
NFLX,"Netflix, Inc. Common Stock",$415.26,-4.59,1.09%,"10,004",01/05/2020,"184,651,724,095",Consumer Services,Consumer Electronics/Video Chains,84.99,65.30,$482.50,$4.94,$424.44/$408.00,N/A,N/A,N/A,N/A,,$449.52/$252.28,1
PEP,"PepsiCo, Inc. Common Stock",$131.38,-0.91,0.69%,"1,101",01/05/2020,"183,552,432,282",Consumer Non-Durables,Beverages (Production/Distribution),25.69,24.23,$141.50,$5.15,$133.17/$130.42,$3.82,2.86%,"Mar 5, 2020","Mar 31, 2020",,$147.20/$101.42,1
CSCO,"Cisco Systems, Inc. Common Stock",$41.60,-0.78,1.84%,"7,513",01/05/2020,"179,728,501,223",Technology,Computer Communications Equipment,16.55,15.36,$48.00,$2.56,$43.17/$42.17,$1.44,3.32%,"Apr 2, 2020","Apr 22, 2020",,$58.26/$32.40,1
NVDA,NVIDIA Corporation Common Stock,$284.88,-7.40,2.53%,"32,297",01/05/2020,"173,691,720,000",Technology,Semiconductors,62.79,47.45,$300.50,$4.52,$284.35/$282.36,$0.64,0.21%,"Feb 27, 2020","Mar 20, 2020",,$316.32/$132.60,1
TM,Toyota Motor Corporation Common Stock,$121.94,-1.65,1.34%,21,01/05/2020,"173,844,934,035",Capital Goods,Auto Manufacturing,7.79,8.38,$148.65,$15.87,$125.07/$122.97,$3.244,2.54%,"Sep 27, 2019","Dec 9, 2019",,$145.41/$108.01,1
CVX,Chevron Corporation Common Stock,$91.45,-0.55,0.60%,"35,078",01/05/2020,"171,762,035,800",Energy,Integrated oil Companies,60.93,-102.22,$100.00,$1.51,$95.74/$90.58,$5.16,5.45%,"May 18, 2020","Jun 10, 2020",,$127.00/$51.60,1
CMCSA,Comcast Corporation Class A Common Stock,$37.20,-0.43,1.14%,"5,819",01/05/2020,"169,992,050,482",Consumer Services,Television Services,14.78,13.44,$45.50,$2.52,$37.49/$37.10,$0.92,2.36%,"Mar 31, 2020","Apr 22, 2020",,$47.74/$31.70,1
ADBE,Adobe Inc. Common Stock,$347.80,-5.84,1.65%,"8,121",01/05/2020,"167,965,412,327",Technology,Computer Software: Prepackaged Software,52.82,44.21,$332.00,$6.60,$349.36/$345.76,N/A,N/A,N/A,N/A,,$386.75/$255.13,1
ORCL,Oracle Corporation Common Stock,$52.15,-0.82,1.55%,"1,209",01/05/2020,"167,045,344,480",Technology,Computer Software: Prepackaged Software,16.66,15.27,$55.00,$3.18,$53.60/$52.80,$0.96,1.78%,"Apr 8, 2020","Apr 23, 2020",,$60.50/$39.71,1
CHL,China Mobile Limited Common Stock,$39.97,-0.61,1.5%,"1,333,164",01/05/2020,"163,681,010,263",Public Utilities,Telecommunications Equipment,N/A,10.74,$59.30,N/A,$40.61/$39.86,$1.999,4.13%,"May 21, 2020","Jul 6, 2020",,$47.89/$30.12,1
ABT,Abbott Laboratories Common Stock,$90.795,-1.295,1.41%,"4,135",01/05/2020,"162,394,567,348",Health Care,Major Pharmaceuticals,46.28,32.77,$106.00,$1.99,$93.77/$91.85,$1.44,1.56%,"Apr 14, 2020","May 15, 2020",,$100.00/$61.61,1
LRLCY,L'Oreal S.A. ADR,$57.80,+2.11,3.79%,"86,263",01/05/2020,N/A,N/A,N/A,N/A,N/A,N/A,N/A,$58.07/$57.73,N/A,N/A,N/A,N/A,,N/A,
CHLKF,China Mobile (Hk) Ltd Ord,$7.84,--,--,0,01/05/2020,N/A,N/A,N/A,N/A,N/A,N/A,N/A,N/A,N/A,N/A,N/A,N/A,,N/A,
NVO,Novo Nordisk A/S Common Stock,$64.35,+1.02,1.61%,"4,051",01/05/2020,"150,148,440,056",Health Care,Major Pharmaceuticals,26.04,23.54,$69.40,$2.46,$64.07/$63.93,$1.123,1.78%,"Mar 27, 2020","Apr 7, 2020",,$65.88/$46.47,1
LLY,Eli Lilly and Company Common Stock,$153.15,-1.49,0.96%,"4,411",01/05/2020,"147,785,876,986",Health Care,Major Pharmaceuticals,25.52,22.71,$162.50,$6.05,$154.46/$153.50,$2.96,1.91%,"Feb 13, 2020","Mar 10, 2020",,$164.90/$101.36,1
PYPL,"PayPal Holdings, Inc. Common Stock",$120.26,-2.74,2.23%,"120,715",01/05/2020,"141,725,472,266",Miscellaneous,Business Services,58.37,48.81,$124.50,$2.07,$121.65/$119.70,N/A,N/A,N/A,N/A,,$124.45/$82.07,1
CRM,Salesforce.com Inc Common Stock,$158.25,-3.70,2.28%,"19,645",01/05/2020,"142,702,469,500",Technology,Computer Software: Prepackaged Software,797.22,131.67,$193.00,$0.20,$159.91/$157.96,N/A,N/A,N/A,N/A,,$195.72/$115.29,1
TSLA,"Tesla, Inc. Common Stock",$762.42,-19.46,2.49%,"112,380",01/05/2020,"140,965,308,736",Capital Goods,Auto Manufacturing,,-407.23,$500.00,$-0.89,$772.77/$753.51,N/A,N/A,N/A,N/A,,$968.99/$176.99,1
ACGBF,Agricultural Bank of China,$0.41,+0.01,2.5%,100,01/05/2020,N/A,N/A,N/A,N/A,N/A,N/A,N/A,N/A,N/A,N/A,N/A,N/A,,N/A,
SAP,SAP SE ADS,$118.54,-0.61,0.51%,"641,495",01/05/2020,"139,370,559,755",Technology,Computer Software: Prepackaged Software,29.41,24.54,$125.00,$3.97,$117.25/$116.74,$1.23,1.01%,"May 21, 2020","Jun 2, 2020",,$140.67/$90.89,1
AMGN,Amgen Inc. Common Stock,$238.00,-1.22,0.51%,403,01/05/2020,"135,138,362,967",Health Care,Biotechnology: Biological Products (No Diagnostic Substances),18.02,15.56,$250.00,$12.76,$237.05/$228.93,$6.40,2.72%,"May 15, 2020","Jun 8, 2020",,$244.99/$166.30,1
MCD,McDonald's Corporation Common Stock,$184.37,-3.19,1.70%,"3,647",01/05/2020,"137,456,094,759",Consumer Services,Restaurants,24.23,31.68,$198.50,$7.63,$185.54/$183.24,$5.00,2.66%,"Feb 28, 2020","Mar 16, 2020",,$221.93/$124.23,1
BMY,Bristol-Myers Squibb Company Common Stock,$59.98,-0.83,1.36%,"1,799",01/05/2020,"136,917,268,487",Health Care,Major Pharmaceuticals,27.63,9.94,$69.00,$2.19,$60.87/$60.49,$1.80,2.92%,"Apr 2, 2020","May 1, 2020",,$68.34/$42.48,1
AZN,Astrazeneca PLC Common Stock,$52.04,-0.24,0.46%,"37,917",01/05/2020,"135,710,334,838",Health Care,Major Pharmaceuticals,87.64,26.01,$53.35,$0.59,$52.03/$51.70,$1.86,3.67%,"Feb 27, 2020","Mar 30, 2020",,$54.00/$36.15,1
UL,Unilever PLC Common Stock,$51.77,-0.10,0.19%,"9,203",01/05/2020,"135,211,422,413",Basic Industries,Package Goods/Cosmetics,N/A,19.28,$62.00,N/A,$51.94/$51.67,$1.758,3.46%,"May 14, 2020","Jun 4, 2020",,$64.84/$44.06,1
NKE,"Nike, Inc. Common Stock",$85.50,-1.68,1.93%,"13,269",01/05/2020,"132,395,657,253",Consumer Non-Durables,Shoe Manufacturing,31.42,32.77,$96.00,$2.71,$86.11/$85.06,$0.98,1.11%,"Feb 28, 2020","Apr 1, 2020",,$105.62/$60.00,1
COST,Costco Wholesale Corporation Common Stock,$301.00,-2.00,0.66%,"3,191",01/05/2020,"133,162,850,325",Consumer Services,Department/Specialty Retail Stores,35.39,34.75,$330.00,$8.52,$302.99/$300.18,$2.80,0.85%,"Apr 30, 2020","May 15, 2020",,$325.26/$233.05,1
TMO,Thermo Fisher Scientific Inc Common Stock,$327.00,-7.68,2.29%,56,01/05/2020,"129,453,123,358",Capital Goods,Industrial Machinery/Components,35.94,28.17,$371.00,$9.12,$331.31/$326.55,$0.88,0.26%,"Mar 13, 2020","Apr 16, 2020",,$346.89/$250.21,1
MDT,Medtronic plc. Ordinary Shares,$96.86,-0.77,0.79%,"1,817",01/05/2020,"128,134,624,525",Health Care,Biotechnology: Electromedical & Electrotherapeutic Apparatus,24.27,18.92,$116.00,$3.94,$97.18/$95.60,$2.16,2.18%,"Mar 26, 2020","Apr 17, 2020",,$122.15/$72.13,1
RDS.A,Royal Dutch Shell PLC Royal Dutch Shell American Depositary Shares (Each representing two Class A Ordinary Shares),$31.66,--,--,"154,761",01/05/2020,"124,714,452,046",N/A,N/A,13.13,N/A,$34.00,$2.43,$32.06/$31.80,$3.196,8.41%,"Feb 13, 2020","Mar 23, 2020",,$66.48/$21.25,1
VNJA,Vanjia Corp,$14.38,--,--,0,01/05/2020,N/A,N/A,N/A,N/A,N/A,N/A,N/A,N/A,N/A,N/A,N/A,N/A,,N/A,
NTDMF,NTT DoCoMo Inc,$30.34,--,--,0,01/05/2020,N/A,N/A,N/A,N/A,N/A,N/A,N/A,N/A,N/A,N/A,N/A,N/A,,N/A,
ASML,ASML Holding N.V. New York Registry Shares,$283.10,-5.33,1.85%,34,01/05/2020,"119,397,546,972",Technology,Industrial Machinery/Components,40.42,39.62,$320.00,$6.94,$283.86/$280.50,$2.478,0.82%,"Apr 24, 2020","May 6, 2020",,$319.22/$186.31,1
SNY,Sanofi ADR,$46.08,-0.75,1.60%,272,01/05/2020,"116,063,715,315",Health Care,Major Pharmaceuticals,30.53,13.61,$56.00,$1.52,$46.49/$46.00,$1.212,2.36%,"Apr 30, 2020","May 26, 2020",,$51.84/$37.62,1
ABBV,AbbVie Inc. Common Stock,$82.03,-0.17,0.21%,"69,423",01/05/2020,"119,418,529,983",Health Care,Major Pharmaceuticals,15.32,8.09,$97.00,$5.28,$82.07/$80.50,$4.72,5.64%,"Apr 14, 2020","May 15, 2020",,$97.86/$62.55,1
PROSY,Prosus NV - ADR,$14.81,-0.14,0.94%,"520,908",01/05/2020,N/A,N/A,N/A,N/A,N/A,N/A,N/A,$14.80/$14.50,N/A,N/A,N/A,N/A,,N/A,
SNYNF,Sanofi,$96.25,-1.20,1.23%,"3,932",01/05/2020,N/A,N/A,N/A,N/A,N/A,N/A,N/A,N/A,N/A,N/A,N/A,N/A,,N/A,
PROSF,Prosus NV - Ordinary Shares - Class N,$74.00,+0.9866,1.35%,"1,290",01/05/2020,N/A,N/A,N/A,N/A,N/A,N/A,N/A,N/A,N/A,N/A,N/A,N/A,,N/A,
ACN,Accenture plc Class A Ordinary Shares (Ireland),$181.69,-3.50,1.89%,135,01/05/2020,"115,567,806,475",Miscellaneous,Business Services,23.63,24.46,$197.00,$7.67,$182.28/$180.35,$3.20,1.71%,"Apr 15, 2020","May 15, 2020",,$216.39/$137.15,1
WFC,Wells Fargo & Company Common Stock,$28.23,-0.82,2.82%,"65,976",01/05/2020,"114,863,344,924",Finance,Major Banks,9.91,32.28,$34.00,$2.83,$28.53/$28.01,$2.04,6.8%,"May 7, 2020","Jun 1, 2020",,$54.75/$25.11,1
CIHHF,China Merchants Bank Co Ltd,$4.66,+0.01,0.22%,"2,000",01/05/2020,N/A,N/A,N/A,N/A,N/A,N/A,N/A,N/A,N/A,N/A,N/A,N/A,,N/A,
UN,Unilever NV Common Stock,$49.40,-0.02,0.04%,5,01/05/2020,"116,226,127,292",Basic Industries,Package Goods/Cosmetics,N/A,18.65,$57.00,N/A,$49.60/$49.10,$1.74,3.67%,"May 14, 2020","Jun 4, 2020",,$63.62/$42.00,1
PM,Philip Morris International Inc Common Stock,$74.47,-0.13,0.17%,162,01/05/2020,"116,504,432,033",Consumer Non-Durables,Farming/Seeds/Milling,15.21,14.80,$90.00,$4.92,$74.89/$73.86,$4.68,6.12%,"Mar 20, 2020","Apr 9, 2020",,$90.17/$56.01,1
CHTR,"Charter Communications, Inc. Class A Common Stock New",$495.23,--,--,"4,960",01/05/2020,"119,054,501,188",Consumer Services,Television Services,67.6,37.95,$540.00,$7.52,$511.00/$495.51,N/A,N/A,N/A,N/A,,$546.54/$345.67,1
FMX,Fomento Economico Mexicano S.A.B. de C.V. Common Stock,$64.33,-2.04,3.07%,"969,936",01/05/2020,"115,719,837,572",Consumer Non-Durables,Beverages (Production/Distribution),17.07,20.68,$75.00,$3.79,$64.68/$63.28,$1.477,2.23%,"Nov 1, 2019","Nov 18, 2019",,$100.35/$55.40,1
DHR,Danaher Corporation Common Stock,$162.30,-1.16,0.71%,"41,008",01/05/2020,"112,200,122,853",Capital Goods,Industrial Machinery/Components,39.75,33.50,$170.00,$4.05,$162.63/$160.32,$0.72,0.44%,"Mar 26, 2020","Apr 24, 2020",,$170.64/$119.60,1
ISRMF,isrmf,--,--,--,--,01/05/2020,,,,,,,,,,,,,,,
NEE,"NextEra Energy, Inc. Common Stock",$231.12,--,--,"6,604",01/05/2020,"111,210,637,836",Public Utilities,Electric Utilities: Central,31.47,25.54,$255.00,$7.22,$230.02/$226.27,$5.60,2.38%,"Feb 27, 2020","Mar 16, 2020",,$283.35/$174.80,1
AAGIY,AIA Group Ltd. ADR (Sponsored),$36.37,-0.881,2.37%,"213,085",01/05/2020,N/A,N/A,N/A,N/A,N/A,N/A,N/A,$36.58/$35.30,N/A,N/A,N/A,N/A,,N/A,
IBM,International Business Machines Corporation Common Stock,$123.03,-2.53,2.01%,"4,519",01/05/2020,"108,926,585,285",Technology,Computer Manufacturing,12.15,11.12,$135.00,$10.10,$123.19/$122.23,$6.52,5.04%,"May 7, 2020","Jun 10, 2020",,$158.75/$90.56,1
UNP,Union Pacific Corporation Common Stock,$154.50,-5.29,3.31%,269,01/05/2020,"105,706,177,731",Transportation,Railroads,18.09,20.20,$169.00,$8.61,$157.70/$155.25,$3.88,2.38%,"Feb 27, 2020","Mar 31, 2020",,$188.96/$105.08,1
TMUS,"T-Mobile US, Inc. Common Stock",$87.17,-0.63,0.72%,"4,414",01/05/2020,"107,647,504,718",Public Utilities,Telecommunications Equipment,21.64,40.28,$107.00,$4.03,$88.11/$86.73,N/A,N/A,N/A,N/A,,$101.35/$63.50,1
BACHY,Bank of China Ltd ADR,$9.28,-0.20,2.11%,"74,690",01/05/2020,N/A,N/A,N/A,N/A,N/A,N/A,N/A,$9.25/$9.18,N/A,N/A,N/A,N/A,,N/A,
AAIGF,AIA Group Ltd.,$9.03,-0.265,2.85%,"3,209",01/05/2020,N/A,N/A,N/A,N/A,N/A,N/A,N/A,N/A,N/A,N/A,N/A,N/A,,N/A,
LMT,Lockheed Martin Corporation Common Stock,$383.75,-5.31,1.36%,481,01/05/2020,"107,587,606,040",Capital Goods,Military/Government/Technical,17.41,16.20,$410.00,$22.03,$387.41/$383.40,$9.60,2.47%,"May 29, 2020","Jun 26, 2020",,$442.53/$266.11,1
AVGO,Broadcom Inc. Common Stock,$265.80,-5.82,2.14%,"1,755",01/05/2020,"104,879,262,491",Technology,Semiconductors,43.29,15.58,$315.00,$6.06,$267.85/$261.51,$13.00,4.71%,"Mar 20, 2020","Mar 31, 2020",,$331.58/$155.67,1
BACHF,Bank of China Ltd,$0.3675,-0.0025,0.68%,"22,985",01/05/2020,N/A,N/A,N/A,N/A,N/A,N/A,N/A,N/A,N/A,N/A,N/A,N/A,,N/A,
TXN,Texas Instruments Incorporated Common Stock,$112.77,-3.30,2.84%,"5,543",01/05/2020,"102,506,026,273",Technology,Semiconductors,21.44,28.73,$114.50,$5.21,$113.25/$111.44,$3.60,3.02%,"May 1, 2020","May 18, 2020",,$135.70/$93.09,1
GILD,"Gilead Sciences, Inc. Common Stock",$81.00,-3.00,3.57%,"266,551",01/05/2020,"99,172,624,941",Health Care,Biotechnology: Biological Products (No Diagnostic Substances),20.25,13.88,$80.00,$3.89,$81.40/$78.71,$2.72,3.27%,"Mar 12, 2020","Mar 30, 2020",,$85.97/$60.89,1
AMT,American Tower Corporation (REIT) Common Stock,$232.50,-5.50,2.31%,84,01/05/2020,"103,909,635,852",Consumer Services,Real Estate Investment Trusts,54.88,28.81,$260.00,$4.27,$235.90/$232.59,$4.32,1.82%,"Apr 13, 2020","Apr 29, 2020",,$260.43/$174.32,1
GSK,GlaxoSmithKline PLC Common Stock,$41.16,-0.91,2.16%,"17,105",01/05/2020,"102,910,357,074",Health Care,Major Pharmaceuticals,14.97,14.56,$50.50,$2.74,$41.18/$40.96,$1.858,5.35%,"May 14, 2020","Jul 9, 2020",,$48.25/$31.43,1
HSBC,"HSBC Holdings, plc. Common Stock",$25.28,-0.45,1.75%,"2,726",01/05/2020,"102,517,475,518",Finance,Savings Institutions,27.97,14.70,$29.10,$0.90,$25.34/$25.17,N/A,N/A,N/A,N/A,,$44.93/$23.95,1
BHPLF,BHP Group Ltd,$20.3425,-0.6575,3.13%,"140,000",01/05/2020,N/A,N/A,N/A,N/A,N/A,N/A,N/A,$19.50/$19.50,N/A,N/A,N/A,N/A,,N/A,
BHP,BHP Group Limited American Depositary Shares (Each representing two Ordinary Shares),$38.93,-1.75,4.30%,"41,109",01/05/2020,"98,376,606,084",Basic Industries,Precious Metals,N/A,11.46,$37.90,N/A,$39.14/$38.77,$2.60,6.17%,"Mar 5, 2020","Mar 24, 2020",,$59.02/$29.78,1
C,"Citigroup, Inc. Common Stock",$46.50,-2.06,4.24%,"119,610",01/05/2020,"95,096,624,000",Finance,Major Banks,6.33,15.27,$58.00,$7.22,$46.47/$45.63,$2.04,4.06%,"May 1, 2020","May 22, 2020",,$83.11/$32.00,1
HON,Honeywell International Inc. Common Stock,$139.73,-2.17,1.53%,"5,304",01/05/2020,"95,682,095,443",Capital Goods,Aerospace,16.09,18.17,$158.00,$8.41,$139.50/$135.22,$3.60,2.46%,"May 14, 2020","Jun 5, 2020",,$184.06/$101.08,1
RTX,Raytheon Technologies Corporation Common Stock,$63.25,-1.56,2.41%,"71,086",01/05/2020,"93,940,225,040",Capital Goods,Aerospace,9.67,18.00,$81.00,$6.41,$63.61/$61.76,$1.90,4.33%,"May 14, 2020","Jun 18, 2020",,$158.44/$48.05,
LIN,Linde plc Ordinary Share,$183.99,-4.70,2.49%,"2,074,705",01/05/2020,"95,911,384,721",Basic Industries,Major Chemicals,43.48,24.37,$230.00,$4.20,$185.10/$182.22,$3.852,2.04%,"Jun 2, 2020","Jun 17, 2020",,$227.85/$146.71,1
DCMYY,NTT DOCOMO Inc American Depositary Shares,$29.14,-1.08,3.57%,"95,328",01/05/2020,N/A,N/A,N/A,N/A,N/A,N/A,N/A,$29.45/$29.24,N/A,N/A,N/A,N/A,,N/A,
CMXHF,Csl Ltd,$199.00,-9.48,4.55%,13,01/05/2020,N/A,N/A,N/A,N/A,N/A,N/A,N/A,$198.50/$198.50,N/A,N/A,N/A,N/A,,N/A,
RTNTF,Rio Tinto Ltd Aud2 Ord,$57.69,--,--,0,01/05/2020,N/A,N/A,N/A,N/A,N/A,N/A,N/A,N/A,N/A,N/A,N/A,N/A,,N/A,
SFTBY,SoftBank Group Corp ADR,$21.19,-0.94,4.25%,"821,891",01/05/2020,N/A,N/A,N/A,N/A,N/A,N/A,N/A,$21.65/$21.20,N/A,N/A,N/A,N/A,,N/A,
BUD,Anheuser-Busch Inbev SA Sponsored ADR (Belgium),$45.75,-0.77,1.66%,"4,304",01/05/2020,"89,622,001,223",Consumer Non-Durables,Beverages (Production/Distribution),9.9,23.86,$54.00,$4.62,$46.48/$45.66,$1.313,2.7%,"Nov 19, 2019","Dec 18, 2019",,$102.70/$32.58,1
TOT,Total S.A.,$34.49,-0.66,1.88%,105,01/05/2020,"88,105,471,836",Energy,Oil & Gas Production,8.21,36.24,$44.00,$4.17,$34.68/$34.04,$2.468,6.58%,"Mar 26, 2020","Apr 21, 2020",,$56.91/$22.13,1
CSLLY,CSL Ltd ADR (Sponsored),$99.46,-4.63,4.45%,"40,697",01/05/2020,N/A,N/A,N/A,N/A,N/A,N/A,N/A,$96.77/$96.20,N/A,N/A,N/A,N/A,,N/A,
QCOM,QUALCOMM Incorporated Common Stock,$76.88,-1.79,2.28%,"78,254",01/05/2020,"87,816,435,352",Technology,Radio And Television Broadcasting And Communications Equipment,22.73,25.88,$95.00,$3.38,$77.59/$76.33,$2.60,3.14%,"Jun 3, 2020","Jun 25, 2020",,$96.17/$58.00,1
SBUX,Starbucks Corporation Common Stock,$75.20,-1.53,1.99%,"14,487",01/05/2020,"87,272,010,000",Consumer Services,Restaurants,26.58,55.20,$80.00,$2.81,$75.88/$74.46,$1.64,2.13%,"May 7, 2020","May 22, 2020",,$99.72/$50.02,1
NPPXF,Nippon Tel & Tel Cp,$22.60,-1.60,6.61%,"3,408",01/05/2020,N/A,N/A,N/A,N/A,N/A,N/A,N/A,N/A,N/A,N/A,N/A,N/A,,N/A,
SFTBF,Softbank Corp Fgn,$42.50,-2.05,4.6%,"7,369",01/05/2020,N/A,N/A,N/A,N/A,N/A,N/A,N/A,$42.75/$41.72,N/A,N/A,N/A,N/A,,N/A,
RY,Royal Bank Of Canada Common Stock,$61.59,-2.06,3.24%,"1,315,688",01/05/2020,"85,605,950,100",Finance,Commercial Banks,8.87,10.16,$72.52,$6.78,$60.43/$59.85,$3.071,4.83%,"Apr 22, 2020","May 22, 2020",,$82.74/$49.55,1
BTI,"British American Tobacco Industries, p.l.c. Common Stock ADR",$37.85,-0.30,0.79%,"68,441",01/05/2020,"86,628,943,202",Consumer Non-Durables,Farming/Seeds/Milling,N/A,9.11,$50.08,N/A,$37.93/$37.70,$2.688,6.72%,"Jul 9, 2020","Aug 24, 2020",,$45.64/$27.32,1
MMM,3M Company Common Stock,$149.4498,-2.4702,1.63%,"1,070",01/05/2020,"85,399,405,202",Health Care,Medical/Dental Instruments,17.43,19.28,$160.00,$8.52,$149.59/$147.73,$5.88,3.76%,"Feb 13, 2020","Mar 12, 2020",,$189.71/$114.04,1
KYCCF,Keyence Corp,$355.77,-9.43,2.58%,"2,620",01/05/2020,N/A,N/A,N/A,N/A,N/A,N/A,N/A,$376.50/$349.50,N/A,N/A,N/A,N/A,,N/A,
BBL,BHP Group PlcSponsored ADR,$32.20,-1.24,3.71%,"35,402",01/05/2020,"81,519,997,352",Energy,Coal Mining,N/A,9.53,$33.05,N/A,$32.37/$32.07,$2.60,7.41%,"Mar 5, 2020","Mar 24, 2020",,$51.87/$23.64,1
NTTYY,Nippon Telegraph & Telephone Corp (Japan) ADR (Sponsored),$22.6001,-1.2949,5.42%,"172,374",01/05/2020,N/A,N/A,N/A,N/A,N/A,N/A,N/A,$22.88/$22.65,N/A,N/A,N/A,N/A,,N/A,
DGEAF,Diageo Plc Ord,$34.97,+0.93,2.73%,"3,550",01/05/2020,N/A,N/A,N/A,N/A,N/A,N/A,N/A,N/A,N/A,N/A,N/A,N/A,,N/A,
FIS,"Fidelity National Information Services, Inc. Common Stock",$131.89,--,--,"37,045",01/05/2020,"80,213,141,919",Miscellaneous,Business Services,136.68,23.51,$147.00,$0.95,$130.43/$128.00,$1.40,1.04%,"Jun 11, 2020","Jun 26, 2020",,$158.21/$91.68,1
UPS,"United Parcel Service, Inc. Common Stock",$93.15,-1.51,1.60%,"8,578",01/05/2020,"79,776,429,302",Transportation,Trucking Freight/Courier Services,18.77,15.91,$105.00,$4.94,$93.59/$92.20,$4.04,4.2%,"Feb 24, 2020","Mar 10, 2020",,$125.31/$82.00,1
DEO,Diageo plc Common Stock,$139.04,+0.39,0.28%,"1,732",01/05/2020,,,,,,,,,,,,,,,
CVS,CVS Health Corporation Common Stock,$60.49,-1.06,1.72%,"3,271",01/05/2020,"78,204,940,614",Health Care,Medical/Nursing Services,11.79,8.68,$81.50,$5.08,$60.80/$59.58,$2.00,3.19%,"Apr 22, 2020","May 4, 2020",,$77.03/$51.72,1
BP,BP p.l.c. Common Stock,$22.93,-0.87,3.66%,"335,942",01/05/2020,"76,903,093,929",Energy,Integrated oil Companies,,-140.00,$25.50,$-0.97,$23.21/$22.73,$2.50,9.83%,"May 8, 2020","Jun 19, 2020",,$43.80/$15.51,1
BA,Boeing Company (The) Common Stock,$143.80,+2.78,1.97%,"494,792",01/05/2020,"78,337,117,431",Capital Goods,Aerospace,,-33.34,$175.00,$-6.06,$143.71/$137.61,N/A,N/A,N/A,N/A,,$391.00/$89.00,1
BLK,"BlackRock, Inc. Common Stock",$488.00,-14.04,2.80%,39,01/05/2020,"75,590,372,702",Finance,Investment Bankers/Brokers/Service,18.05,19.73,$520.00,$27.00,$492.47/$486.19,$14.52,2.84%,"Mar 4, 2020","Mar 23, 2020",,$576.81/$323.98,1
HDB,HDFC Bank Limited Common Stock,$42.35,-1.00,2.31%,70,01/05/2020,"76,033,527,246",Finance,Commercial Banks,20.65,22.35,$53.00,$2.02,$42.32/$41.41,$0.411,0.92%,"Jul 31, 2019","Aug 23, 2019",,$65.89/$29.50,1
LOW,"Lowe's Companies, Inc. Common Stock",$102.00,-2.75,2.63%,"1,488",01/05/2020,"78,167,383,014",Consumer Services,RETAIL: Building Materials,18.93,17.84,$121.00,$5.47,$104.28/$102.31,$2.20,2.07%,"Apr 21, 2020","May 6, 2020",,$126.73/$60.00,1
HESAY,Hermes International SCA ADR,$75.64,+1.54,2.08%,"14,035",01/05/2020,N/A,N/A,N/A,N/A,N/A,N/A,N/A,$76.17/$76.17,N/A,N/A,N/A,N/A,,N/A,
SNE,Sony Corporation Common Stock,$63.98,-0.27,0.42%,142,01/05/2020,"76,760,261,825",Consumer Non-Durables,Consumer Electronics/Appliances,13.19,14.60,$71.20,$4.77,$63.62/$62.87,$0.268,0.42%,"Sep 27, 2019","Dec 10, 2019",,$73.86/$47.29,1
AXP,American Express Company Common Stock,$88.90,-2.35,2.58%,"4,093",01/05/2020,"70,740,895,332",Finance,Finance: Consumer Services,13.34,19.67,$104.00,$6.59,$88.67/$87.16,$1.72,1.79%,"Apr 2, 2020","May 8, 2020",,$138.13/$67.00,1
CILJF,China Life Insurance Co Ltd,$2.135,--,--,0,01/05/2020,N/A,N/A,N/A,N/A,N/A,N/A,N/A,N/A,N/A,N/A,N/A,N/A,,N/A,
SNEJF,Sony Corp,$62.24,-2.485,3.84%,"31,369",01/05/2020,N/A,N/A,N/A,N/A,N/A,N/A,N/A,$61.95/$61.95,N/A,N/A,N/A,N/A,,N/A,
MPNGF,Meituan Dianping,$13.05,-0.365,2.72%,"176,284",01/05/2020,N/A,N/A,N/A,N/A,N/A,N/A,N/A,$13.48/$12.62,N/A,N/A,N/A,N/A,,N/A,
TD,Toronto Dominion Bank (The) Common Stock,$40.95,-0.82,1.96%,63,01/05/2020,"72,908,912,385",Finance,Commercial Banks,8.16,9.69,$53.41,$4.96,$41.01/$40.35,$2.247,5.17%,"Apr 8, 2020","Apr 30, 2020",,$59.55/$33.74,1
LFC,China Life Insurance Company Limited American Depositary Shares,$10.53,-0.34,3.13%,"894,765",01/05/2020,"72,911,406,960",Finance,Life Insurance,8.23,9.93,$14.10,$1.24,$10.40/$10.21,$0.084,0.78%,"Jun 6, 2019","Aug 13, 2019",,$14.70/$8.27,1
SIEGY,Siemens AG (Germany) ADR (Sponsored),$46.1645,-1.6155,3.38%,"465,759",01/05/2020,"38,431,258,252",N/A,N/A,N/A,N/A,N/A,N/A,$46.54/$45.31,N/A,N/A,N/A,N/A,,N/A,
HESAF,Hermes Intl Sa,$719.04,-17.30,2.35%,46,01/05/2020,N/A,N/A,N/A,N/A,N/A,N/A,N/A,$735.25/$735.25,N/A,N/A,N/A,N/A,,N/A,
VWAGY,Volkswagen AG ADR Repstg 1/10th Sh,$14.94,-0.92,5.8%,"152,153",01/05/2020,N/A,N/A,N/A,N/A,N/A,N/A,N/A,$14.99/$14.54,N/A,N/A,N/A,N/A,,N/A,
AMD,"Advanced Micro Devices, Inc. Common Stock",$51.00,-1.39,2.65%,"281,116",01/05/2020,"58,712,388,433",Technology,Semiconductors,116.62,58.21,$56.00,$0.43,$51.95/$49.73,N/A,N/A,N/A,N/A,,$59.27/$26.03,1
SHOP,Shopify Inc. Class A Subordinate Voting Shares,$618.75,-13.54,2.14%,"6,072",01/05/2020,"64,932,610,530",Technology,Computer Software: Prepackaged Software,,-282.27,$500.00,$-1.11,$627.86/$612.00,N/A,N/A,N/A,N/A,,$665.74/$237.39,1
MDLZ,"Mondelez International, Inc. Class A Common Stock",$50.61,-0.83,1.61%,109,01/05/2020,"73,715,038,985",Consumer Non-Durables,Packaged Foods,20.22,20.09,$58.00,$2.55,$51.68/$50.98,$1.14,2.23%,"Mar 30, 2020","Apr 14, 2020",,$59.96/$41.19,1
MO,"Altria Group, Inc.",$38.99,-0.26,0.66%,"4,915",01/05/2020,"73,368,370,930",Consumer Non-Durables,Farming/Seeds/Milling,,9.09,$50.00,$-0.49,$39.82/$38.79,$3.36,8.3%,"Mar 24, 2020","Apr 30, 2020",,$54.74/$30.95,1
CI,Cigna Corporation Common Stock,$192.00,-3.78,1.93%,"1,737",01/05/2020,"70,047,318,818",Health Care,Medical Specialities,14.47,10.62,$243.00,$13.02,$194.88/$187.77,$0.04,0.02%,"Mar 9, 2020","Apr 9, 2020",,$224.64/$118.50,1
INTU,Intuit Inc. Common Stock,$264.30,-5.51,2.04%,48,01/05/2020,"69,032,312,590",Technology,Computer Software: Prepackaged Software,42.88,42.90,$300.00,$6.18,$266.65/$262.05,$2.12,0.78%,"Apr 9, 2020","Apr 20, 2020",,$306.89/$187.68,1
CMWAY,Commonwealth Bank of Australia ADR (Sponsored),$40.28,+0.065,0.16%,"63,140",01/05/2020,N/A,N/A,N/A,N/A,N/A,N/A,N/A,$38.04/$36.36,N/A,N/A,N/A,N/A,,N/A,
SPGI,S&P Global Inc. Common Stock,$286.99,-5.89,2.01%,"8,533",01/05/2020,"69,364,026,880",Finance,Finance: Consumer Services,30.11,29.20,$280.00,$9.56,$289.03/$286.22,$2.68,0.91%,"Feb 25, 2020","Mar 11, 2020",,$312.94/$186.06,1
ANTM,"Anthem, Inc. Common Stock",$275.99,-4.74,1.69%,718,01/05/2020,"68,707,397,355",Health Care,Medical Specialities,14.75,12.66,$325.00,$18.47,$277.00/$270.49,$3.80,1.35%,"Jun 9, 2020","Jun 25, 2020",,$312.48/$171.03,1
KDDIY,KDDI Corp ADR,$14.32,-0.89,5.85%,"68,653",01/05/2020,N/A,N/A,N/A,N/A,N/A,N/A,N/A,$14.45/$14.14,N/A,N/A,N/A,N/A,,N/A,
BDX,"Becton, Dickinson and Company Common Stock",$249.50,-3.03,1.20%,2,01/05/2020,"68,552,571,814",Health Care,Medical/Dental Instruments,92.94,22.37,$272.50,$2.72,$252.81/$247.79,$3.16,1.23%,"Jun 8, 2020","Jun 30, 2020",,$286.72/$197.75,1
SYK,Stryker Corporation Common Stock,$183.50,-2.93,1.57%,216,01/05/2020,"68,177,501,480",Health Care,Medical/Dental Instruments,31.97,25.97,$214.50,$5.69,$193.00/$176.45,$2.30,1.19%,"Mar 30, 2020","Apr 30, 2020",,$226.30/$124.54,1
NAPRF,Naspers Ltd N Shs,$159.375,+0.375,0.24%,111,01/05/2020,N/A,N/A,N/A,N/A,N/A,N/A,N/A,N/A,N/A,N/A,N/A,N/A,,N/A,
FISV,"Fiserv, Inc. Common Stock",$100.04,-3.02,2.93%,68,01/05/2020,"68,587,249,783",Technology,EDP Services,56.03,22.70,$115.00,$1.81,$102.10/$100.09,N/A,N/A,N/A,N/A,,$125.05/$73.50,1
PCCYF,PetroChina Co Ltd,$0.3804,--,--,0,01/05/2020,N/A,N/A,N/A,N/A,N/A,N/A,N/A,$0.39/$0.39,N/A,N/A,N/A,N/A,,N/A,
KOF,"Coca Cola Femsa S.A.B. de C.V. American Depositary Shares, each representing 10 Units (each Unit consists of 3 Series B Shares and 5 Series L Shares)",$41.31,-0.46,1.1%,"215,317",01/05/2020,"65,837,057,869",Consumer Non-Durables,Beverages (Production/Distribution),13.19,15.53,$54.00,$2.97,$39.83/$39.13,$2.517,4.35%,"May 1, 2020","May 15, 2020",,$65.58/$37.73,1
DTEGY,Deutsche Telekom AG ADR (Sponsored),$14.5201,+0.0201,0.14%,"263,886",01/05/2020,N/A,N/A,N/A,N/A,N/A,N/A,N/A,$14.54/$13.91,N/A,N/A,N/A,N/A,,N/A,
CHGCF,Chugai Pharmaceutical,$125.00,--,--,150,01/05/2020,N/A,N/A,N/A,N/A,N/A,N/A,N/A,N/A,N/A,N/A,N/A,N/A,,N/A,
KDDIF,KDDI Corp,$29.45,--,--,0,01/05/2020,N/A,N/A,N/A,N/A,N/A,N/A,N/A,N/A,N/A,N/A,N/A,N/A,,N/A,
NPSNY,Naspers Ltd ADR (Sponsored) Repstg Cl N (New),$30.89,-1.10,3.44%,"107,590",01/05/2020,N/A,N/A,N/A,N/A,N/A,N/A,N/A,$30.76/$30.00,N/A,N/A,N/A,N/A,,N/A,
NOW,"ServiceNow, Inc. Common Stock",$341.00,-10.54,3.00%,"3,210",01/05/2020,"66,094,054,000",Technology,Computer Software: Prepackaged Software,101.82,428.71,$356.00,$3.42,$349.50/$341.00,N/A,N/A,N/A,N/A,,$362.95/$213.99,1
CCI,Crown Castle International Corp. (REIT) Common Stock,$155.00,-4.43,2.78%,261,01/05/2020,"65,638,041,368",Consumer Services,Real Estate Investment Trusts,82.46,27.21,$176.50,$1.91,$158.00/$156.09,$4.80,3.09%,"Mar 12, 2020","Mar 31, 2020",,$168.75/$114.18,1
PLD,"Prologis, Inc. Common Stock",$89.23,--,--,791,01/05/2020,"65,062,053,351",Consumer Services,Real Estate Investment Trusts,33.6,24.86,$95.00,$2.62,$88.25/$86.92,$2.32,2.57%,"Jun 15, 2020","Jun 30, 2020",,$99.79/$59.82,1
AKSJF,Sberbank of Russia. - Ordinary Shares,$3.05,--,--,0,01/05/2020,N/A,N/A,N/A,N/A,N/A,N/A,N/A,N/A,N/A,N/A,N/A,N/A,,N/A,
PTR,PetroChina Company Limited Common Stock,$35.83,-0.83,2.26%,"157,854",01/05/2020,"62,739,591,190",Energy,Oil & Gas Production,22.55,79.62,$37.80,$1.52,$35.29/$34.20,$1.743,4.75%,"Sep 13, 2019","Nov 12, 2019",,$63.84/$27.74,1
VRTX,Vertex Pharmaceuticals Incorporated Common Stock,$249.92,-1.28,0.51%,216,01/05/2020,"65,386,541,471",Health Care,Major Pharmaceuticals,43.72,38.53,$275.00,$5.77,$252.29/$248.00,N/A,N/A,N/A,N/A,,$277.80/$164.07,1
ENB,Enbridge Inc Common Stock,$30.10,-0.58,1.89%,796,01/05/2020,"61,077,025,108",Energy,Natural Gas Distribution,15.16,17.94,$42.48,$1.99,$30.18/$29.89,$2.286,7.64%,"May 14, 2020","Jun 1, 2020",,$43.15/$22.57,1
BAYRY,Bayer AG ADR (Sponsored),$16.45,-0.26,1.56%,"655,414",01/05/2020,N/A,N/A,N/A,N/A,N/A,N/A,N/A,$16.50/$16.19,N/A,N/A,N/A,N/A,,N/A,
D,"Dominion Energy, Inc. Common Stock",$76.10,-1.03,1.34%,188,01/05/2020,"63,738,304,720",Public Utilities,Electric Utilities: Central,45.27,17.90,$87.00,$1.68,$76.54/$75.23,$3.76,4.78%,"Feb 27, 2020","Mar 20, 2020",,$90.89/$57.79,1
CAT,"Caterpillar, Inc. Common Stock",$113.45,-2.93,2.52%,"30,631",01/05/2020,"61,458,254,644",Capital Goods,Construction/Ag Equipment/Trucks,11.84,21.12,$128.50,$9.44,$114.59/$111.64,$4.12,3.43%,"Apr 17, 2020","May 20, 2020",,$150.55/$87.50,1
CME,CME Group Inc. Class A Common Stock,$175.15,-3.06,1.72%,257,01/05/2020,"62,674,779,992",Finance,Investment Bankers/Brokers/Service,26.25,22.97,$207.50,$6.66,$176.95/$174.04,$3.40,1.87%,"Mar 9, 2020","Mar 25, 2020",,$225.36/$131.80,1
DUK,Duke Energy Corporation (Holding Company) Common Stock,$83.845,-0.815,0.96%,810,01/05/2020,"61,445,535,780",Public Utilities,Power Generation,16.54,16.60,$96.00,$5.06,$83.95/$82.60,$3.78,4.36%,"Feb 13, 2020","Mar 16, 2020",,$103.79/$62.13,1
EL,"Estee Lauder Companies, Inc. (The) Common Stock",$173.00,-3.40,1.93%,348,01/05/2020,"62,732,582,122",Consumer Non-Durables,Package Goods/Cosmetics,34.41,39.20,$180.00,$5.07,$179.44/$170.58,$1.92,1.09%,"Feb 27, 2020","Mar 16, 2020",,$220.42/$137.01,1
ADP,"Automatic Data Processing, Inc. Common Stock",$145.00,-1.69,1.15%,375,01/05/2020,"62,220,105,256",Technology,EDP Services,24.72,25.60,$153.50,$5.83,$144.23/$142.42,$3.64,2.5%,"Jun 11, 2020","Jul 1, 2020",,$182.32/$103.11,1
JD,"JD.com, Inc. American Depositary Shares",$41.75,-1.35,3.13%,"41,532",01/05/2020,"61,182,890,713",Consumer Services,Other Specialty Stores,34.72,102.62,$47.00,$1.20,$42.32/$41.44,N/A,N/A,N/A,N/A,,$47.98/$25.48,1
GS,"Goldman Sachs Group, Inc. (The) Common Stock",$178.98,-4.44,2.42%,"4,320",01/05/2020,"61,450,238,232",Finance,Investment Bankers/Brokers/Service,9.71,13.63,$204.00,$18.40,$179.50/$176.65,$5.00,2.63%,"May 29, 2020","Jun 29, 2020",,$250.46/$130.85,1
BX,The Blackstone Group Inc. Class A Common Stock,$50.65,-1.59,3.04%,"2,460",01/05/2020,"60,291,299,213",Finance,Investment Managers,68.84,25.61,$56.00,$0.73,$50.47/$49.69,$1.56,4.51%,"May 1, 2020","May 11, 2020",,$64.97/$33.00,1
AGN,Allergan plc Ordinary Shares,$187.75,+0.41,0.22%,"48,446",01/05/2020,,,,,,,,,,,,,,,
BKNG,Booking Holdings Inc. Common Stock,$1445.73,-34.84,2.35%,170,01/05/2020,"58,341,795,464",Consumer Services,Transportation Services,12.66,29.34,"$1,625.00",$112.58,"$1,460.30/$1,415.31",N/A,N/A,N/A,N/A,,"$2,094.00/$1,107.29",1
MS,Morgan Stanley Common Stock,$38.19,-1.24,3.14%,"17,465",01/05/2020,"60,422,309,596",Finance,Investment Bankers/Brokers/Service,7.97,10.30,$43.00,$4.81,$38.52/$37.91,$1.40,3.43%,"Apr 29, 2020","May 15, 2020",,$57.57/$27.20,1
IBDRY,Iberdrola S.A. - ADR - Level I,$39.56,-1.025,2.53%,"37,105",01/05/2020,N/A,N/A,N/A,N/A,N/A,N/A,N/A,$40.03/$38.09,N/A,N/A,N/A,N/A,,N/A,
ZTS,Zoetis Inc. Class A Common Stock,$128.00,-1.31,1.01%,2,01/05/2020,"60,308,879,569",Health Care,Major Pharmaceuticals,40.7,35.33,$130.00,$3.12,$127.76/$124.92,$0.80,0.64%,"Apr 16, 2020","Jun 1, 2020",,$146.26/$90.14,1
CL,Colgate-Palmolive Company Common Stock,$69.00,-1.27,1.81%,"4,080",01/05/2020,"60,012,732,538",Consumer Non-Durables,Package Goods/Cosmetics,25.45,24.74,$75.00,$2.75,$71.00/$69.80,$1.76,2.51%,"Apr 17, 2020","May 15, 2020",,$77.41/$58.49,1
CNI,Canadian National Railway Company Common Stock,$82.87,-1.90,2.24%,"1,137,125",01/05/2020,"58,005,236,040",Transportation,Railroads,17.54,21.25,$82.00,$4.65,$81.66/$80.80,$1.642,1.98%,"Jun 8, 2020","Jun 30, 2020",,$96.53/$65.13,1
AIQUY,Air Liquide S.A - ADR,$25.42,-0.70,2.68%,"82,526",01/05/2020,N/A,N/A,N/A,N/A,N/A,N/A,N/A,$25.45/$25.02,N/A,N/A,N/A,N/A,,N/A,
SNP,China Petroleum & Chemical Corporation Common Stock,$49.68,-1.34,2.63%,"173,480",01/05/2020,,,,,,,,,,,,,,,
SO,Southern Company (The) Common Stock,$56.20,-0.53,0.93%,822,01/05/2020,"58,465,258,908",Public Utilities,Electric Utilities: Central,16.46,18.12,$59.50,$3.36,$56.32/$54.95,$2.56,4.32%,"May 15, 2020","Jun 8, 2020",,$71.10/$41.96,1
ISRG,"Intuitive Surgical, Inc. Common Stock",$502.70,-8.18,1.60%,269,01/05/2020,"58,483,818,676",Health Care,Industrial Specialties,43.2,75.35,$563.50,$11.61,$506.97/$496.80,N/A,N/A,N/A,N/A,,$619.00/$360.50,1
REGN,"Regeneron Pharmaceuticals, Inc. Common Stock",$519.00,-6.88,1.31%,49,01/05/2020,"58,563,346,369",Health Care,Major Pharmaceuticals,28.19,27.52,$512.50,$18.46,$529.21/$515.60,N/A,N/A,N/A,N/A,,$574.32/$271.37,1
GE,General Electric Company Common Stock,$6.6698,-0.1302,1.91%,"383,250",01/05/2020,"56,550,000,000",Energy,Consumer Electronics/Appliances,,21.94,$9.00,$-0.33,$6.74/$6.46,$0.04,0.61%,"Mar 6, 2020","Apr 27, 2020",,$13.26/$5.90,1
TJX,"TJX Companies, Inc. (The) Common Stock",$47.50,-1.55,3.16%,"3,069",01/05/2020,"57,567,710,617",Consumer Services,Clothing/Shoe/Accessory Stores,17.93,28.68,$60.00,$2.68,$48.44/$47.84,$0.92,1.78%,"Feb 12, 2020","Mar 5, 2020",,$64.95/$32.72,1
PDD,Pinduoduo Inc. American Depositary Shares,$46.50,-0.94,1.98%,"19,726",01/05/2020,"55,054,878,575",Miscellaneous,Business Services,,-64.99,$38.00,$-0.84,$46.98/$45.44,N/A,N/A,N/A,N/A,,$53.67/$18.46,1
USB,U.S. Bancorp Common Stock,$35.50,-1.00,2.74%,"2,241",01/05/2020,"54,172,116,317",Finance,Major Banks,9.23,15.94,$40.50,$3.86,$35.82/$35.17,$1.68,4.37%,"Mar 30, 2020","Apr 15, 2020",,$61.11/$28.59,1
SBRCY,Sberbank of Russia. - ADR,$10.51,-0.30,2.78%,"164,401",01/05/2020,N/A,N/A,N/A,N/A,N/A,N/A,N/A,$10.44/$10.36,N/A,N/A,N/A,N/A,,N/A,
SNPMF,China Petroleum & Chemical Corp. Inc,$0.48,--,--,0,01/05/2020,N/A,N/A,N/A,N/A,N/A,N/A,N/A,$0.50/$0.48,N/A,N/A,N/A,N/A,,N/A,
EQIX,"Equinix, Inc. Common Stock REIT",$675.20,-4.12,0.61%,"752,008",01/05/2020,"58,259,395,102",Consumer Services,Real Estate Investment Trusts,113,30.13,$680.00,$6.00,$680.89/$665.24,$10.64,1.57%,"Feb 25, 2020","Mar 18, 2020",,$715.75/$449.53,1
RBGLY,Reckitt Benckiser Group Plc ADR (Sponsored),$17.11,+0.8695,5.35%,"6,356,603",01/05/2020,N/A,N/A,N/A,N/A,N/A,N/A,N/A,$17.27/$16.78,N/A,N/A,N/A,N/A,,N/A,
RIO,Rio Tinto Plc Common Stock,$44.74,-1.45,3.14%,"20,419",01/05/2020,"56,069,424,905",Basic Industries,Precious Metals,N/A,10.02,$52.05,N/A,$45.06/$44.52,$4.62,9.45%,"Mar 6, 2020","Apr 16, 2020",,$64.02/$35.35,1
ECL,Ecolab Inc. Common Stock,$194.00,+0.50,0.26%,50,01/05/2020,"54,895,321,659",Basic Industries,Package Goods/Cosmetics,35.89,36.10,$176.00,$5.29,$191.22/$187.84,$1.88,0.95%,"Mar 16, 2020","Apr 15, 2020",,$211.24/$124.60,1
TAK,Takeda Pharmaceutical Company Limited American Depositary Shares (each representing 1/2 of a share of Common Stock),$17.25,-0.69,3.85%,"1,000",01/05/2020,"55,510,847,810",Health Care,Major Pharmaceuticals,68.54,9.86,$20.90,$0.26,$17.90/$17.71,$0.599,3.21%,"Sep 27, 2019","Dec 12, 2019",,$20.93/$12.43,1
OGZPY,PJSC Gazprom ADR (Sponsored),$5.05,-0.21,3.99%,"1,162,745",01/05/2020,N/A,N/A,N/A,N/A,N/A,N/A,N/A,$5.00/$4.95,N/A,N/A,N/A,N/A,,N/A,
TKPHF,Takeda Pharmaceutical Co Ltd,$35.62,-2.53,6.63%,207,01/05/2020,N/A,N/A,N/A,N/A,N/A,N/A,N/A,N/A,N/A,N/A,N/A,N/A,,N/A,
NOC,Northrop Grumman Corporation Common Stock,$323.507,-7.163,2.17%,25,01/05/2020,"54,942,433,072",Capital Goods,Industrial Machinery/Components,24.75,14.94,$400.00,$13.27,$330.25/$325.81,$5.28,1.59%,"Feb 21, 2020","Mar 11, 2020",,$385.00/$263.31,1
VMW,"Vmware, Inc. Common stock, Class A",$128.88,-2.64,2.01%,27,01/05/2020,"53,289,925,682",Technology,Computer Software: Prepackaged Software,8.33,35.64,$160.00,$15.30,$129.00/$126.54,N/A,N/A,N/A,N/A,,$206.80/$86.00,1
TGT,Target Corporation Common Stock,$108.72,-1.02,0.93%,"2,704",01/05/2020,"53,872,371,043",Consumer Services,Department/Specialty Retail Stores,16.92,20.06,$121.00,$6.37,$109.48/$107.63,$2.64,2.36%,"May 19, 2020","Jun 10, 2020",,$130.24/$70.03,1
UBER,"Uber Technologies, Inc. Common Stock",$29.10,-1.17,3.87%,"104,756",01/05/2020,"50,927,258,591",Miscellaneous,Business Services,,-11.29,$40.50,$-8.30,$29.72/$28.89,N/A,N/A,N/A,N/A,,$47.08/$13.71,1
ESLOY,EssilorLuxottica ADR,$61.54,+0.74,1.22%,"35,479",01/05/2020,N/A,N/A,N/A,N/A,N/A,N/A,N/A,$61.30/$60.43,N/A,N/A,N/A,N/A,,N/A,
MU,"Micron Technology, Inc. Common Stock",$46.40,-1.49,3.11%,"32,694",01/05/2020,"50,954,801,865",Technology,Semiconductors,22.68,25.61,$60.00,$2.02,$46.92/$45.28,N/A,N/A,N/A,N/A,,$61.19/$31.13,1
BSX,Boston Scientific Corporation Common Stock,$37.00,-0.48,1.28%,"3,432",01/05/2020,"51,042,808,193",Health Care,Medical/Dental Instruments,12,34.39,$45.00,$3.04,$36.97/$36.14,N/A,N/A,N/A,N/A,,$46.62/$24.10,1
ITW,Illinois Tool Works Inc. Common Stock,$162.50,--,--,"9,000",01/05/2020,"50,685,317,567",Technology,Industrial Machinery/Components,20.6,26.82,$143.00,$7.75,$160.23/$158.08,$4.28,2.56%,"Mar 30, 2020","Apr 15, 2020",,$190.85/$115.94,1
MUFG,"Mitsubishi UFJ Financial Group, Inc. Common Stock",$3.99,-0.11,2.68%,"2,225,800",01/05/2020,"49,691,920,949",Finance,Commercial Banks,9.21,7.82,$5.80,$0.42,$3.91/$3.86,$0.193,4.7%,"Sep 27, 2019","Dec 16, 2019",,$5.54/$3.32,1
BAM,Brookfield Asset Management Inc. Common Stock,$33.16,-0.66,1.95%,675,01/05/2020,"34,333,697,535",Consumer Services,Building operators,18.95,18.48,$42.00,$1.73,$33.22/$32.51,$0.48,1.36%,"Feb 27, 2020","Mar 31, 2020",,$45.61/$21.57,1
SWGAY,Swatch Group AG (The) ADR,$9.915,-0.475,4.57%,"150,566",01/05/2020,N/A,N/A,N/A,N/A,N/A,N/A,N/A,$9.94/$9.50,N/A,N/A,N/A,N/A,,N/A,
CSX,CSX Corporation Common Stock,$64.90,-1.33,2.01%,21,01/05/2020,"49,935,167,595",Transportation,Railroads,15.72,17.90,$71.00,$4.15,$65.59/$64.55,$1.04,1.53%,"Feb 27, 2020","Mar 13, 2020",,$80.73/$46.81,1
BNS,Bank Nova Scotia Halifax Pfd 3 Ordinary Shares,$39.1798,-0.9602,2.39%,56,01/05/2020,"47,226,437,232",Finance,Major Banks,7.61,8.71,$49.58,$5.12,$39.11/$38.55,$2.56,6.15%,"Apr 6, 2020","Apr 28, 2020",,$58.22/$31.94,1
HUM,Humana Inc. Common Stock,$363.60,-18.22,4.77%,53,01/05/2020,"49,089,295,229",Health Care,Medical Specialities,19.07,20.54,$400.00,$19.48,$381.17/$370.00,$2.50,0.66%,"Jun 29, 2020","Jul 31, 2020",,$392.57/$208.25,1
TFC,Truist Financial Corporation Common Stock,$36.75,-0.57,1.53%,169,01/05/2020,"48,522,070,610",Finance,Major Banks,10.23,13.19,$40.75,$3.52,$36.38/$35.83,$1.80,4.59%,"May 14, 2020","Jun 1, 2020",,$56.92/$24.01,1
CEO,CNOOC Limited Common Stock,$112.37,-4.18,3.59%,"138,375",01/05/2020,"1,168,492,402",Energy,Oil & Gas Production,N/A,21.36,$115.10,N/A,$111.58/$108.21,$10.407,6.46%,"Jun 3, 2020","Jul 17, 2020",,$182.30/$81.11,1
SWRAF,Swire Pacific Ltd A,$6.68,--,--,0,01/05/2020,N/A,N/A,N/A,N/A,N/A,N/A,N/A,N/A,N/A,N/A,N/A,N/A,,N/A,
SBGSY,Schneider Electric SE ADR,$18.165,-0.565,3.02%,"327,617",01/05/2020,N/A,N/A,N/A,N/A,N/A,N/A,N/A,$18.30/$18.02,N/A,N/A,N/A,N/A,,N/A,
GPN,Global Payments Inc. Common Stock,$162.37,-3.65,2.20%,100,01/05/2020,"48,677,839,144",Miscellaneous,Business Services,68.72,29.75,$175.00,$2.36,$163.44/$160.96,$0.78,0.46%,"Mar 12, 2020","Mar 27, 2020",,$209.62/$105.54,1
APD,"Air Products and Chemicals, Inc. Common Stock",$225.58,-5.09,2.21%,"1,257,890",01/05/2020,"48,641,027,455",Basic Industries,Major Chemicals,25.14,26.60,$247.50,$8.76,$222.38/$218.87,$5.36,2.32%,"Mar 31, 2020","May 11, 2020",,$257.01/$167.43,1
EADSF,Airbus SE,$63.25,-0.66,1.03%,"43,975",01/05/2020,N/A,N/A,N/A,N/A,N/A,N/A,N/A,$64.05/$62.00,N/A,N/A,N/A,N/A,,N/A,
EADSY,Airbus SE ADR,$15.75,-0.02,0.13%,"682,406",01/05/2020,N/A,N/A,N/A,N/A,N/A,N/A,N/A,$15.80/$15.14,N/A,N/A,N/A,N/A,,N/A,
SHW,Sherwin-Williams Company (The) Common Stock,$536.37,--,--,"3,300",01/05/2020,"48,092,425,629",Consumer Services,RETAIL: Building Materials,30.26,26.20,$555.00,$17.31,$529.75/$520.07,$5.36,0.99%,"May 21, 2020","Jun 5, 2020",,$599.95/$325.43,1
ICE,Intercontinental Exchange Inc. Common Stock,$89.21,-0.24,0.27%,89,01/05/2020,"49,477,299,292",Finance,Investment Bankers/Brokers/Service,24.03,20.24,$102.50,$3.75,$90.64/$88.13,$1.20,1.32%,"Jun 15, 2020","Jun 30, 2020",,$101.93/$63.51,1
ATVI,"Activision Blizzard, Inc. Common Stock",$63.3498,-0.3802,0.60%,"3,092",01/05/2020,"49,711,923,895",Technology,Computer Software: Prepackaged Software,33.09,27.83,$69.00,$1.95,$64.82/$62.85,$0.41,0.63%,"Apr 14, 2020","May 6, 2020",,$68.32/$41.84,1
MMC,"Marsh & McLennan Companies, Inc. Common Stock",$95.40,-1.93,1.98%,24,01/05/2020,"48,584,779,901",Finance,Specialty Insurers,27.7,20.07,$108.00,$3.48,$97.39/$94.51,$1.82,1.92%,"Apr 7, 2020","May 15, 2020",,$119.88/$74.33,1
NTDOF,Nintendo Co. Ltd.,$411.63,-24.5586,5.63%,"2,428",01/05/2020,N/A,N/A,N/A,N/A,N/A,N/A,N/A,$431.50/$409.80,N/A,N/A,N/A,N/A,,N/A,
NTDOY,Nintendo Co. Ltd. ADR,$51.44,-2.81,5.18%,"465,664",01/05/2020,N/A,N/A,N/A,N/A,N/A,N/A,N/A,$52.59/$51.82,N/A,N/A,N/A,N/A,,N/A,
MBFJF,Mitsubishi UFJ Financial Group Inc,$3.80,--,--,0,01/05/2020,N/A,N/A,N/A,N/A,N/A,N/A,N/A,N/A,N/A,N/A,N/A,N/A,,N/A,
HEINY,Heineken N.V. ADR (Sponsored) Level 1,$42.64,+0.105,0.25%,"71,184",01/05/2020,N/A,N/A,N/A,N/A,N/A,N/A,N/A,$42.53/$41.97,N/A,N/A,N/A,N/A,,N/A,
CB,Chubb Limited Common Stock,$107.00,-1.01,0.94%,3,01/05/2020,"46,986,285,561",Finance,Property-Casualty Insurers,13.01,10.84,$143.50,$8.00,$106.04/$103.33,$3.00,2.68%,"Mar 19, 2020","Apr 10, 2020",,$167.74/$87.35,1
SCHW,Charles Schwab Corporation (The) Common Stock,$36.22,-1.50,3.98%,"4,047",01/05/2020,"47,429,676,925",Finance,Investment Bankers/Brokers/Service,14.39,18.05,$41.00,$2.56,$36.95/$36.49,$0.72,1.86%,"May 7, 2020","May 22, 2020",,$51.65/$28.00,1
BIIB,Biogen Inc. Common Stock,$297.01,+0.18,0.06%,935,01/05/2020,"48,565,411,771",Health Care,Biotechnology: Biological Products (No Diagnostic Substances),9.19,9.05,$318.00,$32.40,$297.76/$291.88,N/A,N/A,N/A,N/A,,$374.99/$215.78,1
NEM,Newmont Corporation,$58.37,-1.11,1.87%,"4,117",01/05/2020,"48,456,366,989",Basic Industries,Precious Metals,17.25,23.05,$59.00,$3.47,$60.29/$58.21,$1.00,0.9%,"Jun 3, 2020","Jun 18, 2020",,$64.65/$29.77,1
FRCOF,Fast Retailing Co Ltd,$470.50,--,--,0,01/05/2020,N/A,N/A,N/A,N/A,N/A,N/A,N/A,N/A,N/A,N/A,N/A,N/A,,N/A,
RCRRF,Recruit Holdings Co Ltd,$28.87,+0.70,2.48%,"2,930",01/05/2020,N/A,N/A,N/A,N/A,N/A,N/A,N/A,N/A,N/A,N/A,N/A,N/A,,N/A,
GOLD,Barrick Gold Corporation Common Stock (BC),$25.17,-0.55,2.14%,"30,452",01/05/2020,"46,689,140,605",Basic Industries,Precious Metals,11.67,29.56,$28.00,$2.25,$26.29/$25.16,$0.28,1.05%,"Feb 27, 2020","Mar 16, 2020",,$28.50/$11.65,1
KMB,Kimberly-Clark Corporation Common Stock,$138.96,+0.48,0.35%,62,01/05/2020,"47,485,311,343",Consumer Durables,Containers/Packaging,20.36,18.29,$148.50,$6.85,$139.45/$136.72,$4.28,3.08%,"Jun 4, 2020","Jul 2, 2020",,$149.23/$110.66,1
BASFY,BASF SE ADR (Sponsored),$12.83,-0.61,4.54%,"237,071",01/05/2020,N/A,N/A,N/A,N/A,N/A,N/A,N/A,$12.84/$12.56,N/A,N/A,N/A,N/A,,N/A,
ZFSVF,Zurich Ins Group Ord,$317.17,-8.96,2.75%,37,01/05/2020,N/A,N/A,N/A,N/A,N/A,N/A,N/A,$327.10/$327.10,N/A,N/A,N/A,N/A,,N/A,
ILMN,"Illumina, Inc. Common Stock",$319.03,+1.58,0.5%,"991,277",01/05/2020,"44,967,008,993",Capital Goods,Biotechnology: Laboratory Analytical Instruments,48.23,50.40,$327.50,$6.35,$317.42/$304.45,N/A,N/A,N/A,N/A,,$380.76/$196.78,1
LUKOY,PJSC Lukoil ADR (Sponsored),$64.57,-2.86,4.24%,"65,512",01/05/2020,N/A,N/A,N/A,N/A,N/A,N/A,N/A,$64.58/$63.71,N/A,N/A,N/A,N/A,,N/A,
ZURVY,Zurich Insurance Group Ltd ADR (Sponsored),$31.49,-1.11,3.4%,"92,828",01/05/2020,N/A,N/A,N/A,N/A,N/A,N/A,N/A,$32.29/$30.30,N/A,N/A,N/A,N/A,,N/A,
OJSCY,Rosneft Oil Co OJSC (Moscow) GDR (Sponsored) Reg S,$4.3957,--,--,0,01/05/2020,N/A,N/A,N/A,N/A,N/A,N/A,N/A,N/A,N/A,N/A,N/A,N/A,,N/A,
TRP,TC Energy Corporation Common Stock,$46.02,-0.34,0.73%,123,01/05/2020,"43,328,684,025",Public Utilities,Natural Gas Distribution,14.32,16.21,$57.38,$3.22,$46.48/$45.33,$2.284,4.7%,"Mar 30, 2020","Apr 30, 2020",,$57.92/$32.37,1
MCO,Moody's Corporation Common Stock,$240.00,-3.90,1.60%,71,01/05/2020,"45,280,869,936",Finance,Finance: Consumer Services,30.01,30.11,$254.00,$8.06,$242.64/$238.13,$2.24,0.88%,"May 19, 2020","Jun 10, 2020",,$287.25/$164.19,1
AMAT,"Applied Materials, Inc. Common Stock",$48.40,-1.28,2.58%,"11,213",01/05/2020,"43,008,820,014",Technology,Semiconductors,15.51,13.28,$62.50,$3.02,$48.36/$46.80,$0.88,1.55%,"May 20, 2020","Jun 11, 2020",,$69.44/$36.64,1
DE,Deere & Company Common Stock,$141.00,-4.06,2.80%,1,01/05/2020,"43,276,015,956",Capital Goods,Industrial Machinery/Components,13.49,21.95,$160.00,$10.23,$143.05/$137.95,$3.04,2.07%,"Mar 30, 2020","May 8, 2020",,$181.99/$106.14,1
DSKYF,Daiichi Sankyo Co Ltd,$70.00,--,--,0,01/05/2020,N/A,N/A,N/A,N/A,N/A,N/A,N/A,N/A,N/A,N/A,N/A,N/A,,N/A,
COP,ConocoPhillips Common Stock,$40.88,-1.22,2.90%,"9,617",01/05/2020,"42,837,487,817",Energy,Integrated oil Companies,12.47,-40.10,$50.00,$3.19,$41.30/$39.46,$1.68,3.98%,"Feb 13, 2020","Mar 2, 2020",,$67.13/$20.84,1
PGR,Progressive Corporation (The) Common Stock,$75.50,-1.80,2.33%,"2,001",01/05/2020,"44,465,124,462",Finance,Property-Casualty Insurers,12.54,12.25,$88.00,$6.06,$77.16/$75.93,$0.40,0.5%,"Apr 6, 2020","Apr 15, 2020",,$84.96/$62.18,1
PNC,"PNC Financial Services Group, Inc. (The) Common Stock",$103.79,-2.88,2.70%,"1,221",01/05/2020,"44,316,480,000",Finance,Major Banks,9.73,16.54,$109.00,$10.74,$105.96/$103.35,$4.60,4.14%,"Apr 15, 2020","May 5, 2020",,$161.79/$79.41,1
PBR,Petroleo Brasileiro S.A.- Petrobras Common Stock,$6.64,-0.27,3.91%,"15,878",01/05/2020,"42,622,893,719",Energy,Oil & Gas Production,4.88,-25.59,$10.00,$1.34,$6.75/$6.47,N/A,N/A,N/A,N/A,,$16.95/$4.01,1
BAX,Baxter International Inc. Common Stock,$88.34,-0.44,0.50%,40,01/05/2020,"44,481,974,532",Health Care,Medical/Dental Instruments,N/A,25.44,$95.00,N/A,$88.51/$86.60,$0.88,0.96%,"Feb 27, 2020","Apr 1, 2020",,$95.19/$69.10,1
